model,family,combination,saved_filename,params,valid_pr_auc,valid_roc_auc,valid_precision,valid_recall,valid_f1,valid_accuracy,train_pr_auc,train_roc_auc,train_precision,train_recall,train_f1,train_accuracy,pr_auc_gap,roc_auc_gap,precision_gap,recall_gap,f1_gap,valid_false_positives,valid_false_negatives,train_false_positives,train_false_negatives,training_time_seconds,training_time_minutes,best_cv_pr_auc,overfitting_gap,Precision (Fraud),Recall (Fraud),F1-Score,False Positives,False Negatives
XGBoost (Combo 35),XGBoost,35,XGBoost_colsample_bytree=0.7_learning_rate=0.1_max_depth=6_n_estimators=300_subsample=0.8.joblib,"{'model__colsample_bytree': 0.7, 'model__learning_rate': 0.1, 'model__max_depth': 6, 'model__n_estimators': 300, 'model__subsample': 0.8}",0.851612,0.98279,0.943396,0.793651,0.862069,0.999577,1.0,1.0,1.0,1.0,1.0,1.0,0.148388,0.01721,0.056604,0.206349,0.137931,18,78,0,0,11.3045,0.1884,0.851612,0.148388,0.943396,0.793651,0.862069,18,78
XGBoost (Combo 143),XGBoost,143,XGBoost_colsample_bytree=1.0_learning_rate=0.1_max_depth=6_n_estimators=300_subsample=0.8.joblib,"{'model__colsample_bytree': 1.0, 'model__learning_rate': 0.1, 'model__max_depth': 6, 'model__n_estimators': 300, 'model__subsample': 0.8}",0.850916,0.982647,0.943218,0.791005,0.860432,0.999573,1.0,1.0,1.0,1.0,1.0,1.0,0.149084,0.017353,0.056782,0.208995,0.139568,18,79,0,0,11.6415,0.194,0.850916,0.149084,0.943218,0.791005,0.860432,18,79
XGBoost (Combo 89),XGBoost,89,XGBoost_colsample_bytree=0.8_learning_rate=0.1_max_depth=6_n_estimators=300_subsample=0.8.joblib,"{'model__colsample_bytree': 0.8, 'model__learning_rate': 0.1, 'model__max_depth': 6, 'model__n_estimators': 300, 'model__subsample': 0.8}",0.850886,0.98379,0.943396,0.793651,0.862069,0.999577,1.0,1.0,1.0,1.0,1.0,1.0,0.149114,0.01621,0.056604,0.206349,0.137931,18,78,0,0,11.5807,0.193,0.850886,0.149114,0.943396,0.793651,0.862069,18,78
XGBoost (Combo 137),XGBoost,137,XGBoost_colsample_bytree=1.0_learning_rate=0.1_max_depth=4_n_estimators=300_subsample=0.8.joblib,"{'model__colsample_bytree': 1.0, 'model__learning_rate': 0.1, 'model__max_depth': 4, 'model__n_estimators': 300, 'model__subsample': 0.8}",0.850542,0.983507,0.94375,0.798942,0.86533,0.999586,1.0,1.0,1.0,1.0,1.0,1.0,0.149458,0.016493,0.05625,0.201058,0.13467,18,76,0,0,10.5644,0.1761,0.850542,0.149458,0.94375,0.798942,0.86533,18,76
XGBoost (Combo 33),XGBoost,33,XGBoost_colsample_bytree=0.7_learning_rate=0.1_max_depth=6_n_estimators=200_subsample=0.8.joblib,"{'model__colsample_bytree': 0.7, 'model__learning_rate': 0.1, 'model__max_depth': 6, 'model__n_estimators': 200, 'model__subsample': 0.8}",0.85039,0.983114,0.946372,0.793651,0.863309,0.999581,1.0,1.0,1.0,1.0,1.0,1.0,0.14961,0.016886,0.053628,0.206349,0.136691,17,78,0,0,8.2838,0.1381,0.85039,0.14961,0.946372,0.793651,0.863309,17,78
XGBoost (Combo 125),XGBoost,125,XGBoost_colsample_bytree=1.0_learning_rate=0.05_max_depth=6_n_estimators=300_subsample=0.8.joblib,"{'model__colsample_bytree': 1.0, 'model__learning_rate': 0.05, 'model__max_depth': 6, 'model__n_estimators': 300, 'model__subsample': 0.8}",0.850264,0.982896,0.940994,0.801587,0.865714,0.999586,1.0,1.0,1.0,1.0,1.0,1.0,0.149736,0.017104,0.059006,0.198413,0.134286,19,75,0,0,11.9882,0.1998,0.850264,0.149736,0.940994,0.801587,0.865714,19,75
XGBoost (Combo 87),XGBoost,87,XGBoost_colsample_bytree=0.8_learning_rate=0.1_max_depth=6_n_estimators=200_subsample=0.8.joblib,"{'model__colsample_bytree': 0.8, 'model__learning_rate': 0.1, 'model__max_depth': 6, 'model__n_estimators': 200, 'model__subsample': 0.8}",0.849903,0.983664,0.946203,0.791005,0.861671,0.999577,1.0,1.0,1.0,1.0,1.0,1.0,0.150097,0.016336,0.053797,0.208995,0.138329,17,79,0,0,8.4634,0.1411,0.849903,0.150097,0.946203,0.791005,0.861671,17,79
XGBoost (Combo 65),XGBoost,65,XGBoost_colsample_bytree=0.8_learning_rate=0.05_max_depth=4_n_estimators=300_subsample=0.8.joblib,"{'model__colsample_bytree': 0.8, 'model__learning_rate': 0.05, 'model__max_depth': 4, 'model__n_estimators': 300, 'model__subsample': 0.8}",0.849009,0.982744,0.940439,0.793651,0.860832,0.999573,0.997186,0.999994,0.994334,0.928571,0.960328,0.999872,0.148177,0.01725,0.053895,0.134921,0.099496,19,78,2,27,10.192,0.1699,0.849009,0.148177,0.940439,0.793651,0.860832,19,78
XGBoost (Combo 141),XGBoost,141,XGBoost_colsample_bytree=1.0_learning_rate=0.1_max_depth=6_n_estimators=200_subsample=0.8.joblib,"{'model__colsample_bytree': 1.0, 'model__learning_rate': 0.1, 'model__max_depth': 6, 'model__n_estimators': 200, 'model__subsample': 0.8}",0.849001,0.982434,0.94586,0.785714,0.858382,0.999568,1.0,1.0,1.0,1.0,1.0,1.0,0.150999,0.017566,0.05414,0.214286,0.141618,17,81,0,0,8.5907,0.1432,0.849001,0.150999,0.94586,0.785714,0.858382,17,81
XGBoost (Combo 71),XGBoost,71,XGBoost_colsample_bytree=0.8_learning_rate=0.05_max_depth=6_n_estimators=300_subsample=0.8.joblib,"{'model__colsample_bytree': 0.8, 'model__learning_rate': 0.05, 'model__max_depth': 6, 'model__n_estimators': 300, 'model__subsample': 0.8}",0.848998,0.984056,0.943574,0.796296,0.863702,0.999581,1.0,1.0,1.0,0.997354,0.998675,0.999996,0.151002,0.015944,0.056426,0.201058,0.134974,18,77,0,1,11.6275,0.1938,0.848998,0.151002,0.943574,0.796296,0.863702,18,77
XGBoost (Combo 15),XGBoost,15,XGBoost_colsample_bytree=0.7_learning_rate=0.05_max_depth=6_n_estimators=200_subsample=0.8.joblib,"{'model__colsample_bytree': 0.7, 'model__learning_rate': 0.05, 'model__max_depth': 6, 'model__n_estimators': 200, 'model__subsample': 0.8}",0.848904,0.983168,0.946372,0.793651,0.863309,0.999581,0.999875,1.0,1.0,0.960317,0.979757,0.999934,0.150971,0.016832,0.053628,0.166667,0.116448,17,78,0,15,8.4809,0.1413,0.848904,0.150971,0.946372,0.793651,0.863309,17,78
XGBoost (Combo 123),XGBoost,123,XGBoost_colsample_bytree=1.0_learning_rate=0.05_max_depth=6_n_estimators=200_subsample=0.8.joblib,"{'model__colsample_bytree': 1.0, 'model__learning_rate': 0.05, 'model__max_depth': 6, 'model__n_estimators': 200, 'model__subsample': 0.8}",0.848895,0.983877,0.94375,0.798942,0.86533,0.999586,0.999861,1.0,1.0,0.973545,0.986595,0.999956,0.150966,0.016122,0.05625,0.174603,0.121266,18,76,0,10,8.7402,0.1457,0.848895,0.150966,0.94375,0.798942,0.86533,18,76
XGBoost (Combo 135),XGBoost,135,XGBoost_colsample_bytree=1.0_learning_rate=0.1_max_depth=4_n_estimators=200_subsample=0.8.joblib,"{'model__colsample_bytree': 1.0, 'model__learning_rate': 0.1, 'model__max_depth': 4, 'model__n_estimators': 200, 'model__subsample': 0.8}",0.848794,0.983799,0.946372,0.793651,0.863309,0.999581,0.999945,1.0,1.0,0.984127,0.992,0.999974,0.151151,0.016201,0.053628,0.190476,0.128691,17,78,0,6,7.5532,0.1259,0.848794,0.151151,0.946372,0.793651,0.863309,17,78
XGBoost (Combo 85),XGBoost,85,XGBoost_colsample_bytree=0.8_learning_rate=0.1_max_depth=6_n_estimators=100_subsample=0.8.joblib,"{'model__colsample_bytree': 0.8, 'model__learning_rate': 0.1, 'model__max_depth': 6, 'model__n_estimators': 100, 'model__subsample': 0.8}",0.8486,0.98211,0.94586,0.785714,0.858382,0.999568,0.999832,1.0,1.0,0.965608,0.982503,0.999943,0.151232,0.01789,0.05414,0.179894,0.124122,17,81,0,13,4.9794,0.083,0.8486,0.151232,0.94586,0.785714,0.858382,17,81
XGBoost (Combo 31),XGBoost,31,XGBoost_colsample_bytree=0.7_learning_rate=0.1_max_depth=6_n_estimators=100_subsample=0.8.joblib,"{'model__colsample_bytree': 0.7, 'model__learning_rate': 0.1, 'model__max_depth': 6, 'model__n_estimators': 100, 'model__subsample': 0.8}",0.848546,0.981777,0.943218,0.791005,0.860432,0.999573,0.999539,0.999999,1.0,0.952381,0.97561,0.999921,0.150993,0.018222,0.056782,0.161376,0.115178,18,79,0,18,4.9649,0.0827,0.848546,0.150993,0.943218,0.791005,0.860432,18,79
XGBoost (Combo 17),XGBoost,17,XGBoost_colsample_bytree=0.7_learning_rate=0.05_max_depth=6_n_estimators=300_subsample=0.8.joblib,"{'model__colsample_bytree': 0.7, 'model__learning_rate': 0.05, 'model__max_depth': 6, 'model__n_estimators': 300, 'model__subsample': 0.8}",0.848017,0.983161,0.937888,0.798942,0.862857,0.999577,1.0,1.0,1.0,1.0,1.0,1.0,0.151983,0.016839,0.062112,0.201058,0.137143,20,76,0,0,11.2427,0.1874,0.848017,0.151983,0.937888,0.798942,0.862857,20,76
XGBoost (Combo 119),XGBoost,119,XGBoost_colsample_bytree=1.0_learning_rate=0.05_max_depth=4_n_estimators=300_subsample=0.8.joblib,"{'model__colsample_bytree': 1.0, 'model__learning_rate': 0.05, 'model__max_depth': 4, 'model__n_estimators': 300, 'model__subsample': 0.8}",0.847874,0.98286,0.946372,0.793651,0.863309,0.999581,0.998002,0.999996,0.99435,0.931217,0.961749,0.999877,0.150128,0.017136,0.047978,0.137566,0.098439,17,78,2,26,10.247,0.1708,0.847874,0.150128,0.946372,0.793651,0.863309,17,78
XGBoost (Combo 69),XGBoost,69,XGBoost_colsample_bytree=0.8_learning_rate=0.05_max_depth=6_n_estimators=200_subsample=0.8.joblib,"{'model__colsample_bytree': 0.8, 'model__learning_rate': 0.05, 'model__max_depth': 6, 'model__n_estimators': 200, 'model__subsample': 0.8}",0.847804,0.984327,0.943396,0.793651,0.862069,0.999577,0.999809,1.0,1.0,0.968254,0.983871,0.999947,0.152005,0.015673,0.056604,0.174603,0.121802,18,78,0,12,8.1984,0.1366,0.847804,0.152005,0.943396,0.793651,0.862069,18,78
XGBoost (Combo 11),XGBoost,11,XGBoost_colsample_bytree=0.7_learning_rate=0.05_max_depth=4_n_estimators=300_subsample=0.8.joblib,"{'model__colsample_bytree': 0.7, 'model__learning_rate': 0.05, 'model__max_depth': 4, 'model__n_estimators': 300, 'model__subsample': 0.8}",0.847752,0.983284,0.940252,0.791005,0.859195,0.999568,0.996416,0.999992,0.991477,0.92328,0.956164,0.999859,0.148664,0.016708,0.051226,0.132275,0.096969,19,79,3,29,9.8584,0.1643,0.847752,0.148664,0.940252,0.791005,0.859195,19,79
XGBoost (Combo 63),XGBoost,63,XGBoost_colsample_bytree=0.8_learning_rate=0.05_max_depth=4_n_estimators=200_subsample=0.8.joblib,"{'model__colsample_bytree': 0.8, 'model__learning_rate': 0.05, 'model__max_depth': 4, 'model__n_estimators': 200, 'model__subsample': 0.8}",0.8476,0.983487,0.940063,0.78836,0.857554,0.999564,0.975433,0.999919,0.985119,0.875661,0.927171,0.999771,0.127833,0.016431,0.045056,0.087302,0.069617,19,80,5,47,7.1998,0.12,0.8476,0.127833,0.940063,0.78836,0.857554,19,80
XGBoost (Combo 9),XGBoost,9,XGBoost_colsample_bytree=0.7_learning_rate=0.05_max_depth=4_n_estimators=200_subsample=0.8.joblib,"{'model__colsample_bytree': 0.7, 'model__learning_rate': 0.05, 'model__max_depth': 4, 'model__n_estimators': 200, 'model__subsample': 0.8}",0.846526,0.984137,0.942675,0.783069,0.855491,0.999559,0.974629,0.999917,0.985119,0.875661,0.927171,0.999771,0.128103,0.015781,0.042444,0.092593,0.07168,18,82,5,47,7.2189,0.1203,0.846526,0.128103,0.942675,0.783069,0.855491,18,82
XGBoost (Combo 139),XGBoost,139,XGBoost_colsample_bytree=1.0_learning_rate=0.1_max_depth=6_n_estimators=100_subsample=0.8.joblib,"{'model__colsample_bytree': 1.0, 'model__learning_rate': 0.1, 'model__max_depth': 6, 'model__n_estimators': 100, 'model__subsample': 0.8}",0.846523,0.981118,0.945338,0.777778,0.853411,0.999555,0.999782,1.0,1.0,0.973545,0.986595,0.999956,0.153259,0.018882,0.054662,0.195767,0.133184,17,84,0,10,5.0986,0.085,0.846523,0.153259,0.945338,0.777778,0.853411,17,84
XGBoost (Combo 117),XGBoost,117,XGBoost_colsample_bytree=1.0_learning_rate=0.05_max_depth=4_n_estimators=200_subsample=0.8.joblib,"{'model__colsample_bytree': 1.0, 'model__learning_rate': 0.05, 'model__max_depth': 4, 'model__n_estimators': 200, 'model__subsample': 0.8}",0.846517,0.98258,0.946372,0.793651,0.863309,0.999581,0.97619,0.999921,0.985075,0.873016,0.925666,0.999766,0.129673,0.017342,0.038702,0.079365,0.062357,17,78,5,48,7.3047,0.1217,0.846517,0.129673,0.946372,0.793651,0.863309,17,78
XGBoost (Combo 133),XGBoost,133,XGBoost_colsample_bytree=1.0_learning_rate=0.1_max_depth=4_n_estimators=100_subsample=0.8.joblib,"{'model__colsample_bytree': 1.0, 'model__learning_rate': 0.1, 'model__max_depth': 4, 'model__n_estimators': 100, 'model__subsample': 0.8}",0.846492,0.982638,0.93949,0.780423,0.852601,0.999551,0.983229,0.999954,0.988131,0.880952,0.931469,0.999784,0.136737,0.017315,0.04864,0.100529,0.078867,19,83,4,45,4.4202,0.0737,0.846492,0.136737,0.93949,0.780423,0.852601,19,83
XGBoost (Combo 72),XGBoost,72,XGBoost_colsample_bytree=0.8_learning_rate=0.05_max_depth=6_n_estimators=300_subsample=1.0.joblib,"{'model__colsample_bytree': 0.8, 'model__learning_rate': 0.05, 'model__max_depth': 6, 'model__n_estimators': 300, 'model__subsample': 1.0}",0.845348,0.982515,0.940625,0.796296,0.862464,0.999577,1.0,1.0,1.0,1.0,1.0,1.0,0.154652,0.017485,0.059375,0.203704,0.137536,19,77,0,0,9.6424,0.1607,0.845348,0.154652,0.940625,0.796296,0.862464,19,77
XGBoost (Combo 83),XGBoost,83,XGBoost_colsample_bytree=0.8_learning_rate=0.1_max_depth=4_n_estimators=300_subsample=0.8.joblib,"{'model__colsample_bytree': 0.8, 'model__learning_rate': 0.1, 'model__max_depth': 4, 'model__n_estimators': 300, 'model__subsample': 0.8}",0.845083,0.981142,0.946032,0.78836,0.860029,0.999573,1.0,1.0,1.0,1.0,1.0,1.0,0.154917,0.018858,0.053968,0.21164,0.139971,17,80,0,0,10.3328,0.1722,0.845083,0.154917,0.946032,0.78836,0.860029,17,80
XGBoost (Combo 18),XGBoost,18,XGBoost_colsample_bytree=0.7_learning_rate=0.05_max_depth=6_n_estimators=300_subsample=1.0.joblib,"{'model__colsample_bytree': 0.7, 'model__learning_rate': 0.05, 'model__max_depth': 6, 'model__n_estimators': 300, 'model__subsample': 1.0}",0.845042,0.983157,0.940439,0.793651,0.860832,0.999573,1.0,1.0,1.0,1.0,1.0,1.0,0.154958,0.016843,0.059561,0.206349,0.139168,19,78,0,0,9.6229,0.1604,0.845042,0.154958,0.940439,0.793651,0.860832,19,78
XGBoost (Combo 70),XGBoost,70,XGBoost_colsample_bytree=0.8_learning_rate=0.05_max_depth=6_n_estimators=200_subsample=1.0.joblib,"{'model__colsample_bytree': 0.8, 'model__learning_rate': 0.05, 'model__max_depth': 6, 'model__n_estimators': 200, 'model__subsample': 1.0}",0.84491,0.982517,0.940625,0.796296,0.862464,0.999577,0.999875,1.0,1.0,0.981481,0.990654,0.999969,0.154965,0.017483,0.059375,0.185185,0.12819,19,77,0,7,6.978,0.1163,0.84491,0.154965,0.940625,0.796296,0.862464,19,77
XGBoost (Combo 27),XGBoost,27,XGBoost_colsample_bytree=0.7_learning_rate=0.1_max_depth=4_n_estimators=200_subsample=0.8.joblib,"{'model__colsample_bytree': 0.7, 'model__learning_rate': 0.1, 'model__max_depth': 4, 'model__n_estimators': 200, 'model__subsample': 0.8}",0.844715,0.98271,0.943038,0.78836,0.85879,0.999568,0.99977,1.0,1.0,0.973545,0.986595,0.999956,0.155055,0.01729,0.056962,0.185185,0.127806,18,80,0,10,7.3515,0.1225,0.844715,0.155055,0.943038,0.78836,0.85879,18,80
XGBoost (Combo 36),XGBoost,36,XGBoost_colsample_bytree=0.7_learning_rate=0.1_max_depth=6_n_estimators=300_subsample=1.0.joblib,"{'model__colsample_bytree': 0.7, 'model__learning_rate': 0.1, 'model__max_depth': 6, 'model__n_estimators': 300, 'model__subsample': 1.0}",0.844664,0.980005,0.955836,0.801587,0.871942,0.999608,1.0,1.0,1.0,1.0,1.0,1.0,0.155336,0.019995,0.044164,0.198413,0.128058,14,75,0,0,9.0679,0.1511,0.844664,0.155336,0.955836,0.801587,0.871942,14,75
XGBoost (Combo 29),XGBoost,29,XGBoost_colsample_bytree=0.7_learning_rate=0.1_max_depth=4_n_estimators=300_subsample=0.8.joblib,"{'model__colsample_bytree': 0.7, 'model__learning_rate': 0.1, 'model__max_depth': 4, 'model__n_estimators': 300, 'model__subsample': 0.8}",0.844633,0.982981,0.940252,0.791005,0.859195,0.999568,1.0,1.0,1.0,1.0,1.0,1.0,0.155367,0.017019,0.059748,0.208995,0.140805,19,79,0,0,10.2106,0.1702,0.844633,0.155367,0.940252,0.791005,0.859195,19,79
XGBoost (Combo 16),XGBoost,16,XGBoost_colsample_bytree=0.7_learning_rate=0.05_max_depth=6_n_estimators=200_subsample=1.0.joblib,"{'model__colsample_bytree': 0.7, 'model__learning_rate': 0.05, 'model__max_depth': 6, 'model__n_estimators': 200, 'model__subsample': 1.0}",0.84416,0.982549,0.937888,0.798942,0.862857,0.999577,0.999902,1.0,1.0,0.978836,0.989305,0.999965,0.155743,0.01745,0.062112,0.179894,0.126448,20,76,0,8,7.0623,0.1177,0.84416,0.155743,0.937888,0.798942,0.862857,20,76
XGBoost (Combo 34),XGBoost,34,XGBoost_colsample_bytree=0.7_learning_rate=0.1_max_depth=6_n_estimators=200_subsample=1.0.joblib,"{'model__colsample_bytree': 0.7, 'model__learning_rate': 0.1, 'model__max_depth': 6, 'model__n_estimators': 200, 'model__subsample': 1.0}",0.844135,0.979431,0.95283,0.801587,0.87069,0.999603,1.0,1.0,1.0,1.0,1.0,1.0,0.155865,0.020569,0.04717,0.198413,0.12931,15,75,0,0,6.6666,0.1111,0.844135,0.155865,0.95283,0.801587,0.87069,15,75
XGBoost (Combo 23),XGBoost,23,XGBoost_colsample_bytree=0.7_learning_rate=0.1_max_depth=3_n_estimators=300_subsample=0.8.joblib,"{'model__colsample_bytree': 0.7, 'model__learning_rate': 0.1, 'model__max_depth': 3, 'model__n_estimators': 300, 'model__subsample': 0.8}",0.844113,0.981431,0.933544,0.780423,0.850144,0.999542,0.997713,0.999993,0.994413,0.941799,0.967391,0.999894,0.1536,0.018563,0.060869,0.161376,0.117247,21,83,2,22,9.0893,0.1515,0.844113,0.1536,0.933544,0.780423,0.850144,21,83
XGBoost (Combo 81),XGBoost,81,XGBoost_colsample_bytree=0.8_learning_rate=0.1_max_depth=4_n_estimators=200_subsample=0.8.joblib,"{'model__colsample_bytree': 0.8, 'model__learning_rate': 0.1, 'model__max_depth': 4, 'model__n_estimators': 200, 'model__subsample': 0.8}",0.844108,0.981314,0.949206,0.791005,0.862915,0.999581,0.999959,1.0,1.0,0.986772,0.993342,0.999978,0.155851,0.018686,0.050794,0.195767,0.130427,16,79,0,5,7.2555,0.1209,0.844108,0.155851,0.949206,0.791005,0.862915,16,79
XGBoost (Combo 21),XGBoost,21,XGBoost_colsample_bytree=0.7_learning_rate=0.1_max_depth=3_n_estimators=200_subsample=0.8.joblib,"{'model__colsample_bytree': 0.7, 'model__learning_rate': 0.1, 'model__max_depth': 3, 'model__n_estimators': 200, 'model__subsample': 0.8}",0.844035,0.981233,0.936306,0.777778,0.849711,0.999542,0.983382,0.999932,0.988166,0.883598,0.932961,0.999789,0.139347,0.018699,0.05186,0.10582,0.08325,20,84,4,44,6.4059,0.1068,0.844035,0.139347,0.936306,0.777778,0.849711,20,84
XGBoost (Combo 67),XGBoost,67,XGBoost_colsample_bytree=0.8_learning_rate=0.05_max_depth=6_n_estimators=100_subsample=0.8.joblib,"{'model__colsample_bytree': 0.8, 'model__learning_rate': 0.05, 'model__max_depth': 6, 'model__n_estimators': 100, 'model__subsample': 0.8}",0.843584,0.984115,0.948387,0.777778,0.854651,0.999559,0.973712,0.999896,0.985163,0.878307,0.928671,0.999775,0.130128,0.015781,0.036776,0.100529,0.07402,16,84,5,46,4.8802,0.0813,0.843584,0.130128,0.948387,0.777778,0.854651,16,84
XGBoost (Combo 121),XGBoost,121,XGBoost_colsample_bytree=1.0_learning_rate=0.05_max_depth=6_n_estimators=100_subsample=0.8.joblib,"{'model__colsample_bytree': 1.0, 'model__learning_rate': 0.05, 'model__max_depth': 6, 'model__n_estimators': 100, 'model__subsample': 0.8}",0.84357,0.984383,0.943396,0.793651,0.862069,0.999577,0.975428,0.999895,0.985337,0.888889,0.934631,0.999793,0.131858,0.015512,0.041941,0.095238,0.072562,18,78,5,42,4.9345,0.0822,0.84357,0.131858,0.943396,0.793651,0.862069,18,78
XGBoost (Combo 77),XGBoost,77,XGBoost_colsample_bytree=0.8_learning_rate=0.1_max_depth=3_n_estimators=300_subsample=0.8.joblib,"{'model__colsample_bytree': 0.8, 'model__learning_rate': 0.1, 'model__max_depth': 3, 'model__n_estimators': 300, 'model__subsample': 0.8}",0.843529,0.981812,0.9375,0.793651,0.859599,0.999568,0.99849,0.999996,1.0,0.955026,0.976996,0.999925,0.154961,0.018184,0.0625,0.161376,0.117397,20,78,0,17,9.2215,0.1537,0.843529,0.154961,0.9375,0.793651,0.859599,20,78
XGBoost (Combo 59),XGBoost,59,XGBoost_colsample_bytree=0.8_learning_rate=0.05_max_depth=3_n_estimators=300_subsample=0.8.joblib,"{'model__colsample_bytree': 0.8, 'model__learning_rate': 0.05, 'model__max_depth': 3, 'model__n_estimators': 300, 'model__subsample': 0.8}",0.843453,0.98178,0.940439,0.793651,0.860832,0.999573,0.959537,0.999762,0.973054,0.859788,0.912921,0.999727,0.116084,0.017981,0.032615,0.066138,0.052089,19,78,9,53,8.7873,0.1465,0.843453,0.116084,0.940439,0.793651,0.860832,19,78
XGBoost (Combo 126),XGBoost,126,XGBoost_colsample_bytree=1.0_learning_rate=0.05_max_depth=6_n_estimators=300_subsample=1.0.joblib,"{'model__colsample_bytree': 1.0, 'model__learning_rate': 0.05, 'model__max_depth': 6, 'model__n_estimators': 300, 'model__subsample': 1.0}",0.843153,0.98174,0.943038,0.78836,0.85879,0.999568,1.0,1.0,1.0,1.0,1.0,1.0,0.156847,0.01826,0.056962,0.21164,0.14121,18,80,0,0,9.9851,0.1664,0.843153,0.156847,0.943038,0.78836,0.85879,18,80
XGBoost (Combo 129),XGBoost,129,XGBoost_colsample_bytree=1.0_learning_rate=0.1_max_depth=3_n_estimators=200_subsample=0.8.joblib,"{'model__colsample_bytree': 1.0, 'model__learning_rate': 0.1, 'model__max_depth': 3, 'model__n_estimators': 200, 'model__subsample': 0.8}",0.843043,0.98093,0.939683,0.783069,0.854257,0.999555,0.988789,0.999971,0.99115,0.888889,0.937238,0.999802,0.145746,0.019041,0.051468,0.10582,0.082982,19,82,3,42,6.8137,0.1136,0.843043,0.145746,0.939683,0.783069,0.854257,19,82
XGBoost (Combo 131),XGBoost,131,XGBoost_colsample_bytree=1.0_learning_rate=0.1_max_depth=3_n_estimators=300_subsample=0.8.joblib,"{'model__colsample_bytree': 1.0, 'model__learning_rate': 0.1, 'model__max_depth': 3, 'model__n_estimators': 300, 'model__subsample': 0.8}",0.842564,0.980808,0.943218,0.791005,0.860432,0.999573,0.99964,0.999999,1.0,0.965608,0.982503,0.999943,0.157077,0.019192,0.056782,0.174603,0.122072,18,79,0,13,9.3896,0.1565,0.842564,0.157077,0.943218,0.791005,0.860432,18,79
XGBoost (Combo 5),XGBoost,5,XGBoost_colsample_bytree=0.7_learning_rate=0.05_max_depth=3_n_estimators=300_subsample=0.8.joblib,"{'model__colsample_bytree': 0.7, 'model__learning_rate': 0.05, 'model__max_depth': 3, 'model__n_estimators': 300, 'model__subsample': 0.8}",0.842422,0.982038,0.9375,0.793651,0.859599,0.999568,0.956958,0.999752,0.978852,0.857143,0.913963,0.999731,0.114536,0.017714,0.041352,0.063492,0.054364,20,78,7,54,8.82,0.147,0.842422,0.114536,0.9375,0.793651,0.859599,20,78
XGBoost (Combo 113),XGBoost,113,XGBoost_colsample_bytree=1.0_learning_rate=0.05_max_depth=3_n_estimators=300_subsample=0.8.joblib,"{'model__colsample_bytree': 1.0, 'model__learning_rate': 0.05, 'model__max_depth': 3, 'model__n_estimators': 300, 'model__subsample': 0.8}",0.842328,0.982288,0.940625,0.796296,0.862464,0.999577,0.961589,0.999781,0.978916,0.859788,0.915493,0.999736,0.119261,0.017493,0.038291,0.063492,0.053029,19,77,7,53,9.0845,0.1514,0.842328,0.119261,0.940625,0.796296,0.862464,19,77
XGBoost (Combo 13),XGBoost,13,XGBoost_colsample_bytree=0.7_learning_rate=0.05_max_depth=6_n_estimators=100_subsample=0.8.joblib,"{'model__colsample_bytree': 0.7, 'model__learning_rate': 0.05, 'model__max_depth': 6, 'model__n_estimators': 100, 'model__subsample': 0.8}",0.842276,0.982928,0.949045,0.78836,0.861272,0.999577,0.972572,0.999896,0.985119,0.875661,0.927171,0.999771,0.130296,0.016967,0.036074,0.087302,0.065899,16,80,5,47,4.8146,0.0802,0.842276,0.130296,0.949045,0.78836,0.861272,16,80
XGBoost (Combo 68),XGBoost,68,XGBoost_colsample_bytree=0.8_learning_rate=0.05_max_depth=6_n_estimators=100_subsample=1.0.joblib,"{'model__colsample_bytree': 0.8, 'model__learning_rate': 0.05, 'model__max_depth': 6, 'model__n_estimators': 100, 'model__subsample': 1.0}",0.841471,0.982248,0.934169,0.78836,0.855093,0.999555,0.980011,0.999918,0.988131,0.880952,0.931469,0.999784,0.138541,0.01767,0.053961,0.092593,0.076375,21,80,4,45,4.2233,0.0704,0.841471,0.138541,0.934169,0.78836,0.855093,21,80
XGBoost (Combo 124),XGBoost,124,XGBoost_colsample_bytree=1.0_learning_rate=0.05_max_depth=6_n_estimators=200_subsample=1.0.joblib,"{'model__colsample_bytree': 1.0, 'model__learning_rate': 0.05, 'model__max_depth': 6, 'model__n_estimators': 200, 'model__subsample': 1.0}",0.841349,0.982221,0.940625,0.796296,0.862464,0.999577,0.999815,1.0,1.0,0.981481,0.990654,0.999969,0.158466,0.017779,0.059375,0.185185,0.12819,19,77,0,7,7.2055,0.1201,0.841349,0.158466,0.940625,0.796296,0.862464,19,77
XGBoost (Combo 32),XGBoost,32,XGBoost_colsample_bytree=0.7_learning_rate=0.1_max_depth=6_n_estimators=100_subsample=1.0.joblib,"{'model__colsample_bytree': 0.7, 'model__learning_rate': 0.1, 'model__max_depth': 6, 'model__n_estimators': 100, 'model__subsample': 1.0}",0.841275,0.977848,0.949367,0.793651,0.864553,0.999586,0.999842,1.0,1.0,0.970899,0.985235,0.999952,0.158566,0.022152,0.050633,0.177249,0.120682,16,78,0,11,4.2582,0.071,0.841275,0.158566,0.949367,0.793651,0.864553,16,78
XGBoost (Combo 120),XGBoost,120,XGBoost_colsample_bytree=1.0_learning_rate=0.05_max_depth=4_n_estimators=300_subsample=1.0.joblib,"{'model__colsample_bytree': 1.0, 'model__learning_rate': 0.05, 'model__max_depth': 4, 'model__n_estimators': 300, 'model__subsample': 1.0}",0.840861,0.982401,0.934783,0.796296,0.86,0.999568,0.99218,0.999981,0.988473,0.907407,0.946207,0.999828,0.151319,0.01758,0.05369,0.111111,0.086207,21,77,4,35,7.8676,0.1311,0.840861,0.151319,0.934783,0.796296,0.86,21,77
XGBoost (Combo 25),XGBoost,25,XGBoost_colsample_bytree=0.7_learning_rate=0.1_max_depth=4_n_estimators=100_subsample=0.8.joblib,"{'model__colsample_bytree': 0.7, 'model__learning_rate': 0.1, 'model__max_depth': 4, 'model__n_estimators': 100, 'model__subsample': 0.8}",0.840795,0.982238,0.942675,0.783069,0.855491,0.999559,0.973945,0.99988,0.98806,0.875661,0.928471,0.999775,0.133149,0.017642,0.045385,0.092593,0.07298,18,82,4,47,4.2714,0.0712,0.840795,0.133149,0.942675,0.783069,0.855491,18,82
XGBoost (Combo 3),XGBoost,3,XGBoost_colsample_bytree=0.7_learning_rate=0.05_max_depth=3_n_estimators=200_subsample=0.8.joblib,"{'model__colsample_bytree': 0.7, 'model__learning_rate': 0.05, 'model__max_depth': 3, 'model__n_estimators': 200, 'model__subsample': 0.8}",0.840736,0.982474,0.943038,0.78836,0.85879,0.999568,0.92299,0.99903,0.954955,0.84127,0.894515,0.99967,0.082254,0.016556,0.011917,0.05291,0.035725,18,80,15,60,8.7069,0.1451,0.840736,0.082254,0.943038,0.78836,0.85879,18,80
XGBoost (Combo 12),XGBoost,12,XGBoost_colsample_bytree=0.7_learning_rate=0.05_max_depth=4_n_estimators=300_subsample=1.0.joblib,"{'model__colsample_bytree': 0.7, 'model__learning_rate': 0.05, 'model__max_depth': 4, 'model__n_estimators': 300, 'model__subsample': 1.0}",0.840513,0.983327,0.940625,0.796296,0.862464,0.999577,0.992626,0.999982,0.988539,0.912698,0.949106,0.999837,0.152113,0.016655,0.047914,0.116402,0.086642,19,77,4,33,7.4045,0.1234,0.840513,0.152113,0.940625,0.796296,0.862464,19,77
XGBoost (Combo 75),XGBoost,75,XGBoost_colsample_bytree=0.8_learning_rate=0.1_max_depth=3_n_estimators=200_subsample=0.8.joblib,"{'model__colsample_bytree': 0.8, 'model__learning_rate': 0.1, 'model__max_depth': 3, 'model__n_estimators': 200, 'model__subsample': 0.8}",0.840365,0.982638,0.936709,0.783069,0.853026,0.999551,0.987811,0.99995,0.988235,0.888889,0.935933,0.999797,0.147446,0.017312,0.051526,0.10582,0.082907,20,82,4,42,6.617,0.1103,0.840365,0.147446,0.936709,0.783069,0.853026,20,82
XGBoost (Combo 79),XGBoost,79,XGBoost_colsample_bytree=0.8_learning_rate=0.1_max_depth=4_n_estimators=100_subsample=0.8.joblib,"{'model__colsample_bytree': 0.8, 'model__learning_rate': 0.1, 'model__max_depth': 4, 'model__n_estimators': 100, 'model__subsample': 0.8}",0.840207,0.982245,0.939873,0.785714,0.855908,0.999559,0.980075,0.999929,0.982249,0.878307,0.927374,0.999771,0.139869,0.017685,0.042375,0.092593,0.071467,19,81,6,46,4.4748,0.0746,0.840207,0.139869,0.939873,0.785714,0.855908,19,81
XGBoost (Combo 30),XGBoost,30,XGBoost_colsample_bytree=0.7_learning_rate=0.1_max_depth=4_n_estimators=300_subsample=1.0.joblib,"{'model__colsample_bytree': 0.7, 'model__learning_rate': 0.1, 'model__max_depth': 4, 'model__n_estimators': 300, 'model__subsample': 1.0}",0.840202,0.981554,0.94375,0.798942,0.86533,0.999586,1.0,1.0,1.0,1.0,1.0,1.0,0.159798,0.018446,0.05625,0.201058,0.13467,18,76,0,0,7.7195,0.1287,0.840202,0.159798,0.94375,0.798942,0.86533,18,76
XGBoost (Combo 144),XGBoost,144,XGBoost_colsample_bytree=1.0_learning_rate=0.1_max_depth=6_n_estimators=300_subsample=1.0.joblib,"{'model__colsample_bytree': 1.0, 'model__learning_rate': 0.1, 'model__max_depth': 6, 'model__n_estimators': 300, 'model__subsample': 1.0}",0.839889,0.980512,0.942122,0.775132,0.850508,0.999546,1.0,1.0,1.0,1.0,1.0,1.0,0.160111,0.019488,0.057878,0.224868,0.149492,18,85,0,0,9.5793,0.1597,0.839889,0.160111,0.942122,0.775132,0.850508,18,85
XGBoost (Combo 90),XGBoost,90,XGBoost_colsample_bytree=0.8_learning_rate=0.1_max_depth=6_n_estimators=300_subsample=1.0.joblib,"{'model__colsample_bytree': 0.8, 'model__learning_rate': 0.1, 'model__max_depth': 6, 'model__n_estimators': 300, 'model__subsample': 1.0}",0.83985,0.981279,0.933121,0.775132,0.846821,0.999533,1.0,1.0,1.0,1.0,1.0,1.0,0.16015,0.018721,0.066879,0.224868,0.153179,21,85,0,0,9.2878,0.1548,0.83985,0.16015,0.933121,0.775132,0.846821,21,85
XGBoost (Combo 66),XGBoost,66,XGBoost_colsample_bytree=0.8_learning_rate=0.05_max_depth=4_n_estimators=300_subsample=1.0.joblib,"{'model__colsample_bytree': 0.8, 'model__learning_rate': 0.05, 'model__max_depth': 4, 'model__n_estimators': 300, 'model__subsample': 1.0}",0.839696,0.983909,0.931677,0.793651,0.857143,0.999559,0.991574,0.999979,0.988439,0.904762,0.944751,0.999824,0.151878,0.01607,0.056762,0.111111,0.087609,22,78,4,36,7.7469,0.1291,0.839696,0.151878,0.931677,0.793651,0.857143,22,78
XGBoost (Combo 14),XGBoost,14,XGBoost_colsample_bytree=0.7_learning_rate=0.05_max_depth=6_n_estimators=100_subsample=1.0.joblib,"{'model__colsample_bytree': 0.7, 'model__learning_rate': 0.05, 'model__max_depth': 6, 'model__n_estimators': 100, 'model__subsample': 1.0}",0.839662,0.982437,0.934375,0.791005,0.856734,0.999559,0.979856,0.999924,0.988131,0.880952,0.931469,0.999784,0.140194,0.017487,0.053756,0.089947,0.074735,21,79,4,45,4.1318,0.0689,0.839662,0.140194,0.934375,0.791005,0.856734,21,79
XGBoost (Combo 10),XGBoost,10,XGBoost_colsample_bytree=0.7_learning_rate=0.05_max_depth=4_n_estimators=200_subsample=1.0.joblib,"{'model__colsample_bytree': 0.7, 'model__learning_rate': 0.05, 'model__max_depth': 4, 'model__n_estimators': 200, 'model__subsample': 1.0}",0.839524,0.983002,0.931889,0.796296,0.858773,0.999564,0.96997,0.99986,0.98209,0.87037,0.922861,0.999758,0.130446,0.016858,0.050201,0.074074,0.064088,22,77,6,49,5.3787,0.0896,0.839524,0.130446,0.931889,0.796296,0.858773,22,77
XGBoost (Combo 28),XGBoost,28,XGBoost_colsample_bytree=0.7_learning_rate=0.1_max_depth=4_n_estimators=200_subsample=1.0.joblib,"{'model__colsample_bytree': 0.7, 'model__learning_rate': 0.1, 'model__max_depth': 4, 'model__n_estimators': 200, 'model__subsample': 1.0}",0.839365,0.98154,0.943925,0.801587,0.866953,0.99959,0.999514,0.999999,0.997297,0.97619,0.986631,0.999956,0.160149,0.018459,0.053372,0.174603,0.119678,18,75,1,9,5.6012,0.0934,0.839365,0.160149,0.943925,0.801587,0.866953,18,75
XGBoost (Combo 111),XGBoost,111,XGBoost_colsample_bytree=1.0_learning_rate=0.05_max_depth=3_n_estimators=200_subsample=0.8.joblib,"{'model__colsample_bytree': 1.0, 'model__learning_rate': 0.05, 'model__max_depth': 3, 'model__n_estimators': 200, 'model__subsample': 0.8}",0.839066,0.982837,0.945513,0.780423,0.855072,0.999559,0.927318,0.999102,0.95509,0.843915,0.896067,0.999674,0.088252,0.016265,0.009577,0.063492,0.040995,17,83,15,59,6.5483,0.1091,0.839066,0.088252,0.945513,0.780423,0.855072,17,83
XGBoost (Combo 61),XGBoost,61,XGBoost_colsample_bytree=0.8_learning_rate=0.05_max_depth=4_n_estimators=100_subsample=0.8.joblib,"{'model__colsample_bytree': 0.8, 'model__learning_rate': 0.05, 'model__max_depth': 4, 'model__n_estimators': 100, 'model__subsample': 0.8}",0.838688,0.983537,0.933544,0.780423,0.850144,0.999542,0.919314,0.998787,0.957958,0.843915,0.897328,0.999678,0.080626,0.01525,0.024414,0.063492,0.047184,21,83,14,59,4.2739,0.0712,0.838688,0.080626,0.933544,0.780423,0.850144,21,83
XGBoost (Combo 142),XGBoost,142,XGBoost_colsample_bytree=1.0_learning_rate=0.1_max_depth=6_n_estimators=200_subsample=1.0.joblib,"{'model__colsample_bytree': 1.0, 'model__learning_rate': 0.1, 'model__max_depth': 6, 'model__n_estimators': 200, 'model__subsample': 1.0}",0.838574,0.980047,0.941935,0.772487,0.848837,0.999542,1.0,1.0,1.0,1.0,1.0,1.0,0.161426,0.019953,0.058065,0.227513,0.151163,18,86,0,0,7.1636,0.1194,0.838574,0.161426,0.941935,0.772487,0.848837,18,86
XGBoost (Combo 57),XGBoost,57,XGBoost_colsample_bytree=0.8_learning_rate=0.05_max_depth=3_n_estimators=200_subsample=0.8.joblib,"{'model__colsample_bytree': 0.8, 'model__learning_rate': 0.05, 'model__max_depth': 3, 'model__n_estimators': 200, 'model__subsample': 0.8}",0.838419,0.982229,0.934579,0.793651,0.858369,0.999564,0.924098,0.998989,0.952096,0.84127,0.893258,0.999665,0.085679,0.016761,0.017516,0.047619,0.034889,21,78,16,60,6.3519,0.1059,0.838419,0.085679,0.934579,0.793651,0.858369,21,78
XGBoost (Combo 64),XGBoost,64,XGBoost_colsample_bytree=0.8_learning_rate=0.05_max_depth=4_n_estimators=200_subsample=1.0.joblib,"{'model__colsample_bytree': 0.8, 'model__learning_rate': 0.05, 'model__max_depth': 4, 'model__n_estimators': 200, 'model__subsample': 1.0}",0.838022,0.983837,0.931464,0.791005,0.855508,0.999555,0.966871,0.999848,0.976331,0.873016,0.921788,0.999753,0.128849,0.016011,0.044867,0.082011,0.06628,22,79,8,48,5.5726,0.0929,0.838022,0.128849,0.931464,0.791005,0.855508,22,79
XGBoost (Combo 88),XGBoost,88,XGBoost_colsample_bytree=0.8_learning_rate=0.1_max_depth=6_n_estimators=200_subsample=1.0.joblib,"{'model__colsample_bytree': 0.8, 'model__learning_rate': 0.1, 'model__max_depth': 6, 'model__n_estimators': 200, 'model__subsample': 1.0}",0.837591,0.981048,0.936102,0.775132,0.848046,0.999537,1.0,1.0,1.0,1.0,1.0,1.0,0.162409,0.018952,0.063898,0.224868,0.151954,20,85,0,0,7.0311,0.1172,0.837591,0.162409,0.936102,0.775132,0.848046,20,85
XGBoost (Combo 138),XGBoost,138,XGBoost_colsample_bytree=1.0_learning_rate=0.1_max_depth=4_n_estimators=300_subsample=1.0.joblib,"{'model__colsample_bytree': 1.0, 'model__learning_rate': 0.1, 'model__max_depth': 4, 'model__n_estimators': 300, 'model__subsample': 1.0}",0.83745,0.982346,0.941935,0.772487,0.848837,0.999542,1.0,1.0,1.0,1.0,1.0,1.0,0.16255,0.017654,0.058065,0.227513,0.151163,18,86,0,0,8.1805,0.1363,0.83745,0.16255,0.941935,0.772487,0.848837,18,86
XGBoost (Combo 7),XGBoost,7,XGBoost_colsample_bytree=0.7_learning_rate=0.05_max_depth=4_n_estimators=100_subsample=0.8.joblib,"{'model__colsample_bytree': 0.7, 'model__learning_rate': 0.05, 'model__max_depth': 4, 'model__n_estimators': 100, 'model__subsample': 0.8}",0.837135,0.982704,0.933544,0.780423,0.850144,0.999542,0.916541,0.998815,0.952239,0.843915,0.894811,0.99967,0.079406,0.01611,0.018695,0.063492,0.044667,21,83,16,59,4.183,0.0697,0.837135,0.079406,0.933544,0.780423,0.850144,21,83
XGBoost (Combo 26),XGBoost,26,XGBoost_colsample_bytree=0.7_learning_rate=0.1_max_depth=4_n_estimators=100_subsample=1.0.joblib,"{'model__colsample_bytree': 0.7, 'model__learning_rate': 0.1, 'model__max_depth': 4, 'model__n_estimators': 100, 'model__subsample': 1.0}",0.837095,0.98158,0.93865,0.809524,0.869318,0.999595,0.971043,0.999809,0.987952,0.867725,0.923944,0.999762,0.133947,0.018229,0.049302,0.058201,0.054625,20,72,4,50,3.4167,0.0569,0.837095,0.133947,0.93865,0.809524,0.869318,20,72
XGBoost (Combo 19),XGBoost,19,XGBoost_colsample_bytree=0.7_learning_rate=0.1_max_depth=3_n_estimators=100_subsample=0.8.joblib,"{'model__colsample_bytree': 0.7, 'model__learning_rate': 0.1, 'model__max_depth': 3, 'model__n_estimators': 100, 'model__subsample': 0.8}",0.836922,0.98339,0.929936,0.772487,0.843931,0.999524,0.924106,0.999009,0.972393,0.838624,0.900568,0.999692,0.087184,0.015619,0.042456,0.066138,0.056638,22,86,9,61,3.9355,0.0656,0.836922,0.087184,0.929936,0.772487,0.843931,22,86
XGBoost (Combo 73),XGBoost,73,XGBoost_colsample_bytree=0.8_learning_rate=0.1_max_depth=3_n_estimators=100_subsample=0.8.joblib,"{'model__colsample_bytree': 0.8, 'model__learning_rate': 0.1, 'model__max_depth': 3, 'model__n_estimators': 100, 'model__subsample': 0.8}",0.836876,0.984375,0.939297,0.777778,0.850941,0.999546,0.932016,0.99931,0.962733,0.820106,0.885714,0.999648,0.09514,0.014936,0.023436,0.042328,0.034774,19,84,12,68,4.3521,0.0725,0.836876,0.09514,0.939297,0.777778,0.850941,19,84
XGBoost (Combo 115),XGBoost,115,XGBoost_colsample_bytree=1.0_learning_rate=0.05_max_depth=4_n_estimators=100_subsample=0.8.joblib,"{'model__colsample_bytree': 1.0, 'model__learning_rate': 0.05, 'model__max_depth': 4, 'model__n_estimators': 100, 'model__subsample': 0.8}",0.836755,0.982912,0.946032,0.78836,0.860029,0.999573,0.919675,0.998807,0.957704,0.838624,0.894217,0.99967,0.08292,0.015895,0.011672,0.050265,0.034188,17,80,14,61,4.3349,0.0722,0.836755,0.08292,0.946032,0.78836,0.860029,17,80
XGBoost (Combo 118),XGBoost,118,XGBoost_colsample_bytree=1.0_learning_rate=0.05_max_depth=4_n_estimators=200_subsample=1.0.joblib,"{'model__colsample_bytree': 1.0, 'model__learning_rate': 0.05, 'model__max_depth': 4, 'model__n_estimators': 200, 'model__subsample': 1.0}",0.836226,0.982448,0.923547,0.798942,0.856738,0.999555,0.967812,0.999844,0.979042,0.865079,0.918539,0.999744,0.131586,0.017396,0.055495,0.066138,0.061802,25,76,7,51,5.467,0.0911,0.836226,0.131586,0.923547,0.798942,0.856738,25,76
XGBoost (Combo 84),XGBoost,84,XGBoost_colsample_bytree=0.8_learning_rate=0.1_max_depth=4_n_estimators=300_subsample=1.0.joblib,"{'model__colsample_bytree': 0.8, 'model__learning_rate': 0.1, 'model__max_depth': 4, 'model__n_estimators': 300, 'model__subsample': 1.0}",0.835947,0.983124,0.939297,0.777778,0.850941,0.999546,1.0,1.0,1.0,1.0,1.0,1.0,0.164053,0.016876,0.060703,0.222222,0.149059,19,84,0,0,8.2447,0.1374,0.835947,0.164053,0.939297,0.777778,0.850941,19,84
XGBoost (Combo 24),XGBoost,24,XGBoost_colsample_bytree=0.7_learning_rate=0.1_max_depth=3_n_estimators=300_subsample=1.0.joblib,"{'model__colsample_bytree': 0.7, 'model__learning_rate': 0.1, 'model__max_depth': 3, 'model__n_estimators': 300, 'model__subsample': 1.0}",0.835876,0.981391,0.943218,0.791005,0.860432,0.999573,0.996646,0.999993,0.991713,0.949735,0.97027,0.999903,0.16077,0.018602,0.048495,0.15873,0.109839,18,79,3,19,6.5728,0.1095,0.835876,0.16077,0.943218,0.791005,0.860432,18,79
XGBoost (Combo 127),XGBoost,127,XGBoost_colsample_bytree=1.0_learning_rate=0.1_max_depth=3_n_estimators=100_subsample=0.8.joblib,"{'model__colsample_bytree': 1.0, 'model__learning_rate': 0.1, 'model__max_depth': 3, 'model__n_estimators': 100, 'model__subsample': 0.8}",0.835841,0.982504,0.935897,0.772487,0.846377,0.999533,0.932647,0.999364,0.968944,0.825397,0.891429,0.999665,0.096805,0.016859,0.033047,0.05291,0.045052,20,86,10,66,4.074,0.0679,0.835841,0.096805,0.935897,0.772487,0.846377,20,86
XGBoost (Combo 60),XGBoost,60,XGBoost_colsample_bytree=0.8_learning_rate=0.05_max_depth=3_n_estimators=300_subsample=1.0.joblib,"{'model__colsample_bytree': 0.8, 'model__learning_rate': 0.05, 'model__max_depth': 3, 'model__n_estimators': 300, 'model__subsample': 1.0}",0.83533,0.983299,0.933962,0.785714,0.853448,0.999551,0.950045,0.999665,0.961194,0.851852,0.903226,0.999696,0.114714,0.016366,0.027232,0.066138,0.049778,21,81,13,56,6.5929,0.1099,0.83533,0.114714,0.933962,0.785714,0.853448,21,81
XGBoost (Combo 20),XGBoost,20,XGBoost_colsample_bytree=0.7_learning_rate=0.1_max_depth=3_n_estimators=100_subsample=1.0.joblib,"{'model__colsample_bytree': 0.7, 'model__learning_rate': 0.1, 'model__max_depth': 3, 'model__n_estimators': 100, 'model__subsample': 1.0}",0.835192,0.981821,0.937107,0.78836,0.856322,0.999559,0.923134,0.999254,0.963526,0.838624,0.896747,0.999678,0.087942,0.017433,0.026419,0.050265,0.040425,20,80,12,61,3.2742,0.0546,0.835192,0.087942,0.937107,0.78836,0.856322,20,80
XGBoost (Combo 22),XGBoost,22,XGBoost_colsample_bytree=0.7_learning_rate=0.1_max_depth=3_n_estimators=200_subsample=1.0.joblib,"{'model__colsample_bytree': 0.7, 'model__learning_rate': 0.1, 'model__max_depth': 3, 'model__n_estimators': 200, 'model__subsample': 1.0}",0.834709,0.981459,0.937695,0.796296,0.86123,0.999573,0.976305,0.999887,0.98806,0.875661,0.928471,0.999775,0.141596,0.018428,0.050365,0.079365,0.067241,20,77,4,47,4.6943,0.0782,0.834709,0.141596,0.937695,0.796296,0.86123,20,77
XGBoost (Combo 122),XGBoost,122,XGBoost_colsample_bytree=1.0_learning_rate=0.05_max_depth=6_n_estimators=100_subsample=1.0.joblib,"{'model__colsample_bytree': 1.0, 'model__learning_rate': 0.05, 'model__max_depth': 6, 'model__n_estimators': 100, 'model__subsample': 1.0}",0.834208,0.980907,0.928125,0.785714,0.851003,0.999542,0.975137,0.999866,0.98503,0.87037,0.924157,0.999762,0.140929,0.018959,0.056905,0.084656,0.073154,23,81,5,49,4.1748,0.0696,0.834208,0.140929,0.928125,0.785714,0.851003,23,81
XGBoost (Combo 136),XGBoost,136,XGBoost_colsample_bytree=1.0_learning_rate=0.1_max_depth=4_n_estimators=200_subsample=1.0.joblib,"{'model__colsample_bytree': 1.0, 'model__learning_rate': 0.1, 'model__max_depth': 4, 'model__n_estimators': 200, 'model__subsample': 1.0}",0.834174,0.98301,0.941558,0.767196,0.845481,0.999533,0.999858,1.0,1.0,0.97619,0.987952,0.99996,0.165684,0.016989,0.058442,0.208995,0.142471,18,88,0,9,6.0017,0.1,0.834174,0.165684,0.941558,0.767196,0.845481,18,88
XGBoost (Combo 6),XGBoost,6,XGBoost_colsample_bytree=0.7_learning_rate=0.05_max_depth=3_n_estimators=300_subsample=1.0.joblib,"{'model__colsample_bytree': 0.7, 'model__learning_rate': 0.05, 'model__max_depth': 3, 'model__n_estimators': 300, 'model__subsample': 1.0}",0.834082,0.982621,0.9375,0.793651,0.859599,0.999568,0.950882,0.99966,0.963964,0.849206,0.902954,0.999696,0.1168,0.017039,0.026464,0.055556,0.043355,20,78,12,57,6.2732,0.1046,0.834082,0.1168,0.9375,0.793651,0.859599,20,78
XGBoost (Combo 114),XGBoost,114,XGBoost_colsample_bytree=1.0_learning_rate=0.05_max_depth=3_n_estimators=300_subsample=1.0.joblib,"{'model__colsample_bytree': 1.0, 'model__learning_rate': 0.05, 'model__max_depth': 3, 'model__n_estimators': 300, 'model__subsample': 1.0}",0.833847,0.981666,0.933962,0.785714,0.853448,0.999551,0.951154,0.999681,0.96997,0.854497,0.908579,0.999714,0.117307,0.018015,0.036008,0.068783,0.055131,21,81,10,55,6.8534,0.1142,0.833847,0.117307,0.933962,0.785714,0.853448,21,81
XGBoost (Combo 140),XGBoost,140,XGBoost_colsample_bytree=1.0_learning_rate=0.1_max_depth=6_n_estimators=100_subsample=1.0.joblib,"{'model__colsample_bytree': 1.0, 'model__learning_rate': 0.1, 'model__max_depth': 6, 'model__n_estimators': 100, 'model__subsample': 1.0}",0.833537,0.97847,0.941558,0.767196,0.845481,0.999533,0.999958,1.0,1.0,0.97619,0.987952,0.99996,0.166421,0.02153,0.058442,0.208995,0.142471,18,88,0,9,4.2922,0.0715,0.833537,0.166421,0.941558,0.767196,0.845481,18,88
XGBoost (Combo 82),XGBoost,82,XGBoost_colsample_bytree=0.8_learning_rate=0.1_max_depth=4_n_estimators=200_subsample=1.0.joblib,"{'model__colsample_bytree': 0.8, 'model__learning_rate': 0.1, 'model__max_depth': 4, 'model__n_estimators': 200, 'model__subsample': 1.0}",0.832854,0.983298,0.941748,0.769841,0.847162,0.999537,0.999895,1.0,1.0,0.97619,0.987952,0.99996,0.167042,0.016701,0.058252,0.206349,0.14079,18,87,0,9,5.7919,0.0965,0.832854,0.167042,0.941748,0.769841,0.847162,18,87
XGBoost (Combo 86),XGBoost,86,XGBoost_colsample_bytree=0.8_learning_rate=0.1_max_depth=6_n_estimators=100_subsample=1.0.joblib,"{'model__colsample_bytree': 0.8, 'model__learning_rate': 0.1, 'model__max_depth': 6, 'model__n_estimators': 100, 'model__subsample': 1.0}",0.831537,0.979397,0.935484,0.767196,0.843023,0.999524,0.999917,1.0,1.0,0.973545,0.986595,0.999956,0.168379,0.020603,0.064516,0.206349,0.143572,20,88,0,10,4.3842,0.0731,0.831537,0.168379,0.935484,0.767196,0.843023,20,88
XGBoost (Combo 132),XGBoost,132,XGBoost_colsample_bytree=1.0_learning_rate=0.1_max_depth=3_n_estimators=300_subsample=1.0.joblib,"{'model__colsample_bytree': 1.0, 'model__learning_rate': 0.1, 'model__max_depth': 3, 'model__n_estimators': 300, 'model__subsample': 1.0}",0.831445,0.982239,0.935065,0.761905,0.83965,0.999515,0.998232,0.999997,0.997199,0.941799,0.968707,0.999899,0.166786,0.017758,0.062134,0.179894,0.129057,20,90,1,22,6.7387,0.1123,0.831445,0.166786,0.935065,0.761905,0.83965,20,90
XGBoost (Combo 58),XGBoost,58,XGBoost_colsample_bytree=0.8_learning_rate=0.05_max_depth=3_n_estimators=200_subsample=1.0.joblib,"{'model__colsample_bytree': 0.8, 'model__learning_rate': 0.05, 'model__max_depth': 3, 'model__n_estimators': 200, 'model__subsample': 1.0}",0.830702,0.983821,0.929012,0.796296,0.85755,0.999559,0.916616,0.998979,0.951807,0.835979,0.890141,0.999656,0.085914,0.015158,0.022795,0.039683,0.032591,23,77,16,62,4.9249,0.0821,0.830702,0.085914,0.929012,0.796296,0.85755,23,77
XGBoost (Combo 109),XGBoost,109,XGBoost_colsample_bytree=1.0_learning_rate=0.05_max_depth=3_n_estimators=100_subsample=0.8.joblib,"{'model__colsample_bytree': 1.0, 'model__learning_rate': 0.05, 'model__max_depth': 3, 'model__n_estimators': 100, 'model__subsample': 0.8}",0.830641,0.983699,0.926984,0.772487,0.842713,0.99952,0.877246,0.996518,0.942249,0.820106,0.876945,0.999617,0.046605,0.01282,0.015265,0.047619,0.034232,23,86,19,68,4.2411,0.0707,0.830641,0.046605,0.926984,0.772487,0.842713,23,86
XGBoost (Combo 62),XGBoost,62,XGBoost_colsample_bytree=0.8_learning_rate=0.05_max_depth=4_n_estimators=100_subsample=1.0.joblib,"{'model__colsample_bytree': 0.8, 'model__learning_rate': 0.05, 'model__max_depth': 4, 'model__n_estimators': 100, 'model__subsample': 1.0}",0.830438,0.983857,0.925697,0.791005,0.853067,0.999546,0.90945,0.998482,0.946108,0.835979,0.88764,0.999648,0.079012,0.014625,0.020411,0.044974,0.034573,24,79,18,62,3.6392,0.0607,0.830438,0.079012,0.925697,0.791005,0.853067,24,79
XGBoost (Combo 1),XGBoost,1,XGBoost_colsample_bytree=0.7_learning_rate=0.05_max_depth=3_n_estimators=100_subsample=0.8.joblib,"{'model__colsample_bytree': 0.7, 'model__learning_rate': 0.05, 'model__max_depth': 3, 'model__n_estimators': 100, 'model__subsample': 0.8}",0.83021,0.982177,0.932692,0.769841,0.843478,0.999524,0.875037,0.996184,0.938838,0.812169,0.870922,0.999599,0.044826,0.014007,0.006146,0.042328,0.027444,21,87,20,71,7.3728,0.1229,0.83021,0.044826,0.932692,0.769841,0.843478,21,87
XGBoost (Combo 55),XGBoost,55,XGBoost_colsample_bytree=0.8_learning_rate=0.05_max_depth=3_n_estimators=100_subsample=0.8.joblib,"{'model__colsample_bytree': 0.8, 'model__learning_rate': 0.05, 'model__max_depth': 3, 'model__n_estimators': 100, 'model__subsample': 0.8}",0.830199,0.982226,0.930599,0.780423,0.848921,0.999537,0.874148,0.996233,0.941538,0.809524,0.870555,0.999599,0.043949,0.014007,0.010939,0.029101,0.021634,22,83,19,72,3.9988,0.0666,0.830199,0.043949,0.930599,0.780423,0.848921,22,83
XGBoost (Combo 4),XGBoost,4,XGBoost_colsample_bytree=0.7_learning_rate=0.05_max_depth=3_n_estimators=200_subsample=1.0.joblib,"{'model__colsample_bytree': 0.7, 'model__learning_rate': 0.05, 'model__max_depth': 3, 'model__n_estimators': 200, 'model__subsample': 1.0}",0.829976,0.983104,0.9375,0.793651,0.859599,0.999568,0.917943,0.998999,0.954819,0.838624,0.892958,0.999665,0.087967,0.015895,0.017319,0.044974,0.033359,20,78,15,61,4.9315,0.0822,0.829976,0.087967,0.9375,0.793651,0.859599,20,78
XGBoost (Combo 112),XGBoost,112,XGBoost_colsample_bytree=1.0_learning_rate=0.05_max_depth=3_n_estimators=200_subsample=1.0.joblib,"{'model__colsample_bytree': 1.0, 'model__learning_rate': 0.05, 'model__max_depth': 3, 'model__n_estimators': 200, 'model__subsample': 1.0}",0.829949,0.982067,0.928793,0.793651,0.85592,0.999555,0.916192,0.999073,0.951952,0.838624,0.891702,0.999661,0.086244,0.017006,0.023159,0.044974,0.035782,23,78,16,61,5.0165,0.0836,0.829949,0.086244,0.928793,0.793651,0.85592,23,78
XGBoost (Combo 8),XGBoost,8,XGBoost_colsample_bytree=0.7_learning_rate=0.05_max_depth=4_n_estimators=100_subsample=1.0.joblib,"{'model__colsample_bytree': 0.7, 'model__learning_rate': 0.05, 'model__max_depth': 4, 'model__n_estimators': 100, 'model__subsample': 1.0}",0.829554,0.983718,0.928349,0.78836,0.852647,0.999546,0.91573,0.998734,0.949102,0.838624,0.890449,0.999656,0.086176,0.015016,0.020753,0.050265,0.037803,23,80,17,61,3.4892,0.0582,0.829554,0.086176,0.928349,0.78836,0.852647,23,80
XGBoost (Combo 134),XGBoost,134,XGBoost_colsample_bytree=1.0_learning_rate=0.1_max_depth=4_n_estimators=100_subsample=1.0.joblib,"{'model__colsample_bytree': 1.0, 'model__learning_rate': 0.1, 'model__max_depth': 4, 'model__n_estimators': 100, 'model__subsample': 1.0}",0.82945,0.983347,0.938312,0.76455,0.842566,0.999524,0.974901,0.999904,0.984848,0.859788,0.918079,0.999744,0.145451,0.016556,0.046537,0.095238,0.075513,19,89,5,53,3.5587,0.0593,0.82945,0.145451,0.938312,0.76455,0.842566,19,89
XGBoost (Combo 54),XGBoost,54,XGBoost_colsample_bytree=0.7_learning_rate=0.2_max_depth=6_n_estimators=300_subsample=1.0.joblib,"{'model__colsample_bytree': 0.7, 'model__learning_rate': 0.2, 'model__max_depth': 6, 'model__n_estimators': 300, 'model__subsample': 1.0}",0.828811,0.965235,0.917178,0.791005,0.849432,0.999533,1.0,1.0,1.0,1.0,1.0,1.0,0.171189,0.034765,0.082822,0.208995,0.150568,27,79,0,0,8.6729,0.1445,0.828811,0.171189,0.917178,0.791005,0.849432,27,79
XGBoost (Combo 116),XGBoost,116,XGBoost_colsample_bytree=1.0_learning_rate=0.05_max_depth=4_n_estimators=100_subsample=1.0.joblib,"{'model__colsample_bytree': 1.0, 'model__learning_rate': 0.05, 'model__max_depth': 4, 'model__n_estimators': 100, 'model__subsample': 1.0}",0.828767,0.982158,0.93125,0.78836,0.853868,0.999551,0.909404,0.998531,0.949254,0.84127,0.892006,0.999661,0.080637,0.016373,0.018004,0.05291,0.038137,22,80,17,60,3.4114,0.0569,0.828767,0.080637,0.93125,0.78836,0.853868,22,80
XGBoost (Combo 78),XGBoost,78,XGBoost_colsample_bytree=0.8_learning_rate=0.1_max_depth=3_n_estimators=300_subsample=1.0.joblib,"{'model__colsample_bytree': 0.8, 'model__learning_rate': 0.1, 'model__max_depth': 3, 'model__n_estimators': 300, 'model__subsample': 1.0}",0.828219,0.981289,0.932692,0.769841,0.843478,0.999524,0.997512,0.999995,0.997183,0.936508,0.965894,0.99989,0.169293,0.018706,0.064491,0.166667,0.122415,21,87,1,24,7.0612,0.1177,0.828219,0.169293,0.932692,0.769841,0.843478,21,87
XGBoost (Combo 130),XGBoost,130,XGBoost_colsample_bytree=1.0_learning_rate=0.1_max_depth=3_n_estimators=200_subsample=1.0.joblib,"{'model__colsample_bytree': 1.0, 'model__learning_rate': 0.1, 'model__max_depth': 3, 'model__n_estimators': 200, 'model__subsample': 1.0}",0.82777,0.982449,0.931596,0.756614,0.835036,0.999502,0.981964,0.999938,0.98538,0.891534,0.936111,0.999797,0.154193,0.017489,0.053784,0.134921,0.101075,21,92,5,41,4.9795,0.083,0.82777,0.154193,0.931596,0.756614,0.835036,21,92
XGBoost (Combo 52),XGBoost,52,XGBoost_colsample_bytree=0.7_learning_rate=0.2_max_depth=6_n_estimators=200_subsample=1.0.joblib,"{'model__colsample_bytree': 0.7, 'model__learning_rate': 0.2, 'model__max_depth': 6, 'model__n_estimators': 200, 'model__subsample': 1.0}",0.827092,0.965116,0.914373,0.791005,0.848227,0.999529,1.0,1.0,1.0,1.0,1.0,1.0,0.172908,0.034884,0.085627,0.208995,0.151773,28,79,0,0,6.5073,0.1085,0.827092,0.172908,0.914373,0.791005,0.848227,28,79
XGBoost (Combo 80),XGBoost,80,XGBoost_colsample_bytree=0.8_learning_rate=0.1_max_depth=4_n_estimators=100_subsample=1.0.joblib,"{'model__colsample_bytree': 0.8, 'model__learning_rate': 0.1, 'model__max_depth': 4, 'model__n_estimators': 100, 'model__subsample': 1.0}",0.826858,0.983762,0.932476,0.767196,0.8418,0.99952,0.971138,0.999897,0.990854,0.859788,0.92068,0.999753,0.14428,0.016135,0.058378,0.092593,0.07888,21,88,3,53,3.8592,0.0643,0.826858,0.14428,0.932476,0.767196,0.8418,21,88
RandomForest (Combo 9),RandomForest,9,RandomForest_max_depth=15_min_samples_split=2_n_estimators=100.joblib,"{'model__max_depth': 15, 'model__min_samples_split': 2, 'model__n_estimators': 100}",0.825403,0.95826,0.886957,0.809524,0.846473,0.999511,1.0,1.0,0.910843,1.0,0.953342,0.999837,0.174597,0.04174,0.023887,0.190476,0.106869,39,72,37,0,35.4394,0.5907,0.825403,0.174597,0.886957,0.809524,0.846473,39,72
XGBoost (Combo 76),XGBoost,76,XGBoost_colsample_bytree=0.8_learning_rate=0.1_max_depth=3_n_estimators=200_subsample=1.0.joblib,"{'model__colsample_bytree': 0.8, 'model__learning_rate': 0.1, 'model__max_depth': 3, 'model__n_estimators': 200, 'model__subsample': 1.0}",0.825338,0.982439,0.929032,0.761905,0.837209,0.999507,0.976913,0.9999,0.987988,0.87037,0.925457,0.999766,0.151575,0.01746,0.058956,0.108466,0.088248,22,90,4,49,4.8172,0.0803,0.825338,0.151575,0.929032,0.761905,0.837209,22,90
XGBoost (Combo 42),XGBoost,42,XGBoost_colsample_bytree=0.7_learning_rate=0.2_max_depth=3_n_estimators=300_subsample=1.0.joblib,"{'model__colsample_bytree': 0.7, 'model__learning_rate': 0.2, 'model__max_depth': 3, 'model__n_estimators': 300, 'model__subsample': 1.0}",0.825028,0.969205,0.920245,0.793651,0.852273,0.999542,1.0,1.0,1.0,1.0,1.0,1.0,0.174972,0.030795,0.079755,0.206349,0.147727,26,78,0,0,6.736,0.1123,0.825028,0.174972,0.920245,0.793651,0.852273,26,78
XGBoost (Combo 48),XGBoost,48,XGBoost_colsample_bytree=0.7_learning_rate=0.2_max_depth=4_n_estimators=300_subsample=1.0.joblib,"{'model__colsample_bytree': 0.7, 'model__learning_rate': 0.2, 'model__max_depth': 4, 'model__n_estimators': 300, 'model__subsample': 1.0}",0.824777,0.967234,0.928571,0.791005,0.854286,0.999551,1.0,1.0,1.0,0.997354,0.998675,0.999996,0.175223,0.032766,0.071429,0.206349,0.14439,23,79,0,1,7.6838,0.1281,0.824777,0.175223,0.928571,0.791005,0.854286,23,79
RandomForest (Combo 11),RandomForest,11,RandomForest_max_depth=15_min_samples_split=5_n_estimators=100.joblib,"{'model__max_depth': 15, 'model__min_samples_split': 5, 'model__n_estimators': 100}",0.824536,0.96362,0.871795,0.809524,0.839506,0.999485,1.0,1.0,0.902148,1.0,0.948557,0.999819,0.175464,0.03638,0.030353,0.190476,0.109051,45,72,41,0,35.6932,0.5949,0.824536,0.175464,0.871795,0.809524,0.839506,45,72
RandomForest (Combo 12),RandomForest,12,RandomForest_max_depth=15_min_samples_split=5_n_estimators=200.joblib,"{'model__max_depth': 15, 'model__min_samples_split': 5, 'model__n_estimators': 200}",0.824525,0.970181,0.875,0.814815,0.843836,0.999498,1.0,1.0,0.895735,1.0,0.945,0.999806,0.175475,0.029819,0.020735,0.185185,0.101164,44,70,44,0,69.8153,1.1636,0.824525,0.175475,0.875,0.814815,0.843836,44,70
XGBoost (Combo 110),XGBoost,110,XGBoost_colsample_bytree=1.0_learning_rate=0.05_max_depth=3_n_estimators=100_subsample=1.0.joblib,"{'model__colsample_bytree': 1.0, 'model__learning_rate': 0.05, 'model__max_depth': 3, 'model__n_estimators': 100, 'model__subsample': 1.0}",0.824439,0.982088,0.916409,0.783069,0.844508,0.99952,0.871872,0.996924,0.944785,0.814815,0.875,0.999612,0.047433,0.014836,0.028377,0.031746,0.030492,27,82,18,70,3.1082,0.0518,0.824439,0.047433,0.916409,0.783069,0.844508,27,82
XGBoost (Combo 2),XGBoost,2,XGBoost_colsample_bytree=0.7_learning_rate=0.05_max_depth=3_n_estimators=100_subsample=1.0.joblib,"{'model__colsample_bytree': 0.7, 'model__learning_rate': 0.05, 'model__max_depth': 3, 'model__n_estimators': 100, 'model__subsample': 1.0}",0.824174,0.98278,0.922118,0.783069,0.846924,0.999529,0.874183,0.996836,0.93865,0.809524,0.869318,0.999595,0.050008,0.014056,0.016532,0.026455,0.022394,25,82,20,72,6.1307,0.1022,0.824174,0.050008,0.922118,0.783069,0.846924,25,82
RandomForest (Combo 10),RandomForest,10,RandomForest_max_depth=15_min_samples_split=2_n_estimators=200.joblib,"{'model__max_depth': 15, 'model__min_samples_split': 2, 'model__n_estimators': 200}",0.824059,0.966738,0.890173,0.814815,0.850829,0.999524,1.0,1.0,0.917476,1.0,0.956962,0.99985,0.175941,0.033262,0.027302,0.185185,0.106133,38,70,34,0,69.8951,1.1649,0.824059,0.175941,0.890173,0.814815,0.850829,38,70
XGBoost (Combo 46),XGBoost,46,XGBoost_colsample_bytree=0.7_learning_rate=0.2_max_depth=4_n_estimators=200_subsample=1.0.joblib,"{'model__colsample_bytree': 0.7, 'model__learning_rate': 0.2, 'model__max_depth': 4, 'model__n_estimators': 200, 'model__subsample': 1.0}",0.8226,0.967301,0.919753,0.78836,0.849003,0.999533,0.997442,0.999871,1.0,0.994709,0.997347,0.999991,0.174842,0.03257,0.080247,0.206349,0.148345,26,80,0,2,5.5499,0.0925,0.8226,0.174842,0.919753,0.78836,0.849003,26,80
XGBoost (Combo 128),XGBoost,128,XGBoost_colsample_bytree=1.0_learning_rate=0.1_max_depth=3_n_estimators=100_subsample=1.0.joblib,"{'model__colsample_bytree': 1.0, 'model__learning_rate': 0.1, 'model__max_depth': 3, 'model__n_estimators': 100, 'model__subsample': 1.0}",0.821264,0.984054,0.931373,0.753968,0.833333,0.999498,0.910155,0.997447,0.965409,0.812169,0.882184,0.999639,0.088892,0.013393,0.034036,0.058201,0.048851,21,93,11,71,3.3097,0.0552,0.821264,0.088892,0.931373,0.753968,0.833333,21,93
XGBoost (Combo 56),XGBoost,56,XGBoost_colsample_bytree=0.8_learning_rate=0.05_max_depth=3_n_estimators=100_subsample=1.0.joblib,"{'model__colsample_bytree': 0.8, 'model__learning_rate': 0.05, 'model__max_depth': 3, 'model__n_estimators': 100, 'model__subsample': 1.0}",0.821199,0.983065,0.919003,0.780423,0.844063,0.99952,0.872094,0.99675,0.939024,0.814815,0.872521,0.999603,0.050895,0.013685,0.020021,0.034392,0.028458,26,83,20,70,3.1783,0.053,0.821199,0.050895,0.919003,0.780423,0.844063,26,83
XGBoost (Combo 50),XGBoost,50,XGBoost_colsample_bytree=0.7_learning_rate=0.2_max_depth=6_n_estimators=100_subsample=1.0.joblib,"{'model__colsample_bytree': 0.7, 'model__learning_rate': 0.2, 'model__max_depth': 6, 'model__n_estimators': 100, 'model__subsample': 1.0}",0.820445,0.964453,0.911854,0.793651,0.848656,0.999529,0.999867,1.0,1.0,0.997354,0.998675,0.999996,0.179422,0.035547,0.088146,0.203704,0.150019,29,78,0,1,4.128,0.0688,0.820445,0.179422,0.911854,0.793651,0.848656,29,78
XGBoost (Combo 74),XGBoost,74,XGBoost_colsample_bytree=0.8_learning_rate=0.1_max_depth=3_n_estimators=100_subsample=1.0.joblib,"{'model__colsample_bytree': 0.8, 'model__learning_rate': 0.1, 'model__max_depth': 3, 'model__n_estimators': 100, 'model__subsample': 1.0}",0.820328,0.98377,0.925325,0.753968,0.830904,0.999489,0.908115,0.994716,0.965409,0.812169,0.882184,0.999639,0.087787,0.010946,0.040084,0.058201,0.05128,23,93,11,71,3.0879,0.0515,0.820328,0.087787,0.925325,0.753968,0.830904,23,93
XGBoost (Combo 40),XGBoost,40,XGBoost_colsample_bytree=0.7_learning_rate=0.2_max_depth=3_n_estimators=200_subsample=1.0.joblib,"{'model__colsample_bytree': 0.7, 'model__learning_rate': 0.2, 'model__max_depth': 3, 'model__n_estimators': 200, 'model__subsample': 1.0}",0.816234,0.969205,0.917431,0.793651,0.851064,0.999537,0.999093,0.999998,0.99729,0.973545,0.985274,0.999952,0.182859,0.030793,0.079859,0.179894,0.134211,27,78,1,10,4.9958,0.0833,0.816234,0.182859,0.917431,0.793651,0.851064,27,78
XGBoost (Combo 53),XGBoost,53,XGBoost_colsample_bytree=0.7_learning_rate=0.2_max_depth=6_n_estimators=300_subsample=0.8.joblib,"{'model__colsample_bytree': 0.7, 'model__learning_rate': 0.2, 'model__max_depth': 6, 'model__n_estimators': 300, 'model__subsample': 0.8}",0.81538,0.957264,0.903614,0.793651,0.84507,0.999515,1.0,1.0,1.0,1.0,1.0,1.0,0.18462,0.042736,0.096386,0.206349,0.15493,32,78,0,0,10.7838,0.1797,0.81538,0.18462,0.903614,0.793651,0.84507,32,78
XGBoost (Combo 47),XGBoost,47,XGBoost_colsample_bytree=0.7_learning_rate=0.2_max_depth=4_n_estimators=300_subsample=0.8.joblib,"{'model__colsample_bytree': 0.7, 'model__learning_rate': 0.2, 'model__max_depth': 4, 'model__n_estimators': 300, 'model__subsample': 0.8}",0.815016,0.955142,0.89426,0.783069,0.834979,0.999485,1.0,1.0,1.0,1.0,1.0,1.0,0.184984,0.044858,0.10574,0.216931,0.165021,35,82,0,0,9.8833,0.1647,0.815016,0.184984,0.89426,0.783069,0.834979,35,82
RandomForest (Combo 6),RandomForest,6,RandomForest_max_depth=10_min_samples_split=2_n_estimators=200.joblib,"{'model__max_depth': 10, 'model__min_samples_split': 2, 'model__n_estimators': 200}",0.814821,0.977643,0.778055,0.825397,0.801027,0.999317,0.991378,0.999984,0.803419,0.994709,0.888889,0.999586,0.176556,0.022342,0.025364,0.169312,0.087862,89,66,92,2,66.7781,1.113,0.814821,0.176556,0.778055,0.825397,0.801027,89,66
XGBoost (Combo 51),XGBoost,51,XGBoost_colsample_bytree=0.7_learning_rate=0.2_max_depth=6_n_estimators=200_subsample=0.8.joblib,"{'model__colsample_bytree': 0.7, 'model__learning_rate': 0.2, 'model__max_depth': 6, 'model__n_estimators': 200, 'model__subsample': 0.8}",0.813949,0.956108,0.900602,0.791005,0.842254,0.999507,1.0,1.0,1.0,1.0,1.0,1.0,0.186051,0.043892,0.099398,0.208995,0.157746,33,79,0,0,7.8737,0.1312,0.813949,0.186051,0.900602,0.791005,0.842254,33,79
KNN (Combo 12),KNN,12,KNN_n_neighbors=7_p=2_weights=distance.joblib,"{'model__n_neighbors': 7, 'model__p': 2, 'model__weights': 'distance'}",0.812524,0.924457,0.920128,0.761905,0.833575,0.999493,1.0,1.0,1.0,1.0,1.0,1.0,0.187476,0.075543,0.079872,0.238095,0.166425,25,90,0,0,63.383,1.0564,0.812524,0.187476,0.920128,0.761905,0.833575,25,90
KNN (Combo 14),KNN,14,KNN_n_neighbors=11_p=1_weights=distance.joblib,"{'model__n_neighbors': 11, 'model__p': 1, 'model__weights': 'distance'}",0.811895,0.923085,0.919872,0.759259,0.831884,0.999489,1.0,1.0,1.0,1.0,1.0,1.0,0.188105,0.076915,0.080128,0.240741,0.168116,25,91,0,0,237.8455,3.9641,0.811895,0.188105,0.919872,0.759259,0.831884,25,91
RandomForest (Combo 5),RandomForest,5,RandomForest_max_depth=10_min_samples_split=2_n_estimators=100.joblib,"{'model__max_depth': 10, 'model__min_samples_split': 2, 'model__n_estimators': 100}",0.811444,0.972791,0.778338,0.81746,0.797419,0.999308,0.987171,0.999981,0.812095,0.994709,0.894174,0.999608,0.175727,0.02719,0.033758,0.177249,0.096754,88,69,87,2,33.6504,0.5608,0.811444,0.175727,0.778338,0.81746,0.797419,88,69
RandomForest (Combo 8),RandomForest,8,RandomForest_max_depth=10_min_samples_split=5_n_estimators=200.joblib,"{'model__max_depth': 10, 'model__min_samples_split': 5, 'model__n_estimators': 200}",0.811225,0.977257,0.775561,0.822751,0.79846,0.999308,0.990285,0.999983,0.79661,0.994709,0.884706,0.999568,0.179059,0.022725,0.021049,0.171958,0.086246,90,67,96,2,67.2629,1.121,0.811225,0.179059,0.775561,0.822751,0.79846,90,67
XGBoost (Combo 44),XGBoost,44,XGBoost_colsample_bytree=0.7_learning_rate=0.2_max_depth=4_n_estimators=100_subsample=1.0.joblib,"{'model__colsample_bytree': 0.7, 'model__learning_rate': 0.2, 'model__max_depth': 4, 'model__n_estimators': 100, 'model__subsample': 1.0}",0.811109,0.964384,0.908537,0.78836,0.844193,0.999515,0.976196,0.985087,1.0,0.899471,0.947075,0.999833,0.165088,0.020703,0.091463,0.111111,0.102883,30,80,0,38,3.7379,0.0623,0.811109,0.165088,0.908537,0.78836,0.844193,30,80
KNN (Combo 10),KNN,10,KNN_n_neighbors=7_p=1_weights=distance.joblib,"{'model__n_neighbors': 7, 'model__p': 1, 'model__weights': 'distance'}",0.809825,0.923136,0.923077,0.761905,0.834783,0.999498,1.0,1.0,1.0,1.0,1.0,1.0,0.190175,0.076864,0.076923,0.238095,0.165217,24,90,0,0,220.4734,3.6746,0.809825,0.190175,0.923077,0.761905,0.834783,24,90
XGBoost (Combo 45),XGBoost,45,XGBoost_colsample_bytree=0.7_learning_rate=0.2_max_depth=4_n_estimators=200_subsample=0.8.joblib,"{'model__colsample_bytree': 0.7, 'model__learning_rate': 0.2, 'model__max_depth': 4, 'model__n_estimators': 200, 'model__subsample': 0.8}",0.80947,0.953118,0.888889,0.783069,0.83263,0.999476,1.0,1.0,1.0,1.0,1.0,1.0,0.19053,0.046882,0.111111,0.216931,0.16737,37,82,0,0,7.2418,0.1207,0.80947,0.19053,0.888889,0.783069,0.83263,37,82
KNN (Combo 8),KNN,8,KNN_n_neighbors=5_p=2_weights=distance.joblib,"{'model__n_neighbors': 5, 'model__p': 2, 'model__weights': 'distance'}",0.809321,0.921842,0.921384,0.775132,0.841954,0.999515,1.0,1.0,1.0,1.0,1.0,1.0,0.190679,0.078158,0.078616,0.224868,0.158046,25,85,0,0,64.6506,1.0775,0.809321,0.190679,0.921384,0.775132,0.841954,25,85
KNN (Combo 6),KNN,6,KNN_n_neighbors=5_p=1_weights=distance.joblib,"{'model__n_neighbors': 5, 'model__p': 1, 'model__weights': 'distance'}",0.808855,0.92184,0.926984,0.772487,0.842713,0.99952,1.0,1.0,1.0,1.0,1.0,1.0,0.191145,0.07816,0.073016,0.227513,0.157287,23,86,0,0,227.8288,3.7971,0.808855,0.191145,0.926984,0.772487,0.842713,23,86
KNN (Combo 16),KNN,16,KNN_n_neighbors=11_p=2_weights=distance.joblib,"{'model__n_neighbors': 11, 'model__p': 2, 'model__weights': 'distance'}",0.808836,0.925719,0.902821,0.761905,0.826399,0.999467,1.0,1.0,1.0,1.0,1.0,1.0,0.191164,0.074281,0.097179,0.238095,0.173601,31,90,0,0,67.9369,1.1323,0.808836,0.191164,0.902821,0.761905,0.826399,31,90
RandomForest (Combo 7),RandomForest,7,RandomForest_max_depth=10_min_samples_split=5_n_estimators=100.joblib,"{'model__max_depth': 10, 'model__min_samples_split': 5, 'model__n_estimators': 100}",0.806144,0.974111,0.773067,0.820106,0.795892,0.999299,0.986424,0.999979,0.8,0.994709,0.886792,0.999577,0.18028,0.025868,0.026933,0.174603,0.0909,91,68,94,2,33.5323,0.5589,0.806144,0.18028,0.773067,0.820106,0.795892,91,68
XGBoost (Combo 49),XGBoost,49,XGBoost_colsample_bytree=0.7_learning_rate=0.2_max_depth=6_n_estimators=100_subsample=0.8.joblib,"{'model__colsample_bytree': 0.7, 'model__learning_rate': 0.2, 'model__max_depth': 6, 'model__n_estimators': 100, 'model__subsample': 0.8}",0.805291,0.951345,0.900302,0.78836,0.840621,0.999502,1.0,1.0,1.0,0.994709,0.997347,0.999991,0.194709,0.048655,0.099698,0.206349,0.156727,33,80,0,2,4.8799,0.0813,0.805291,0.194709,0.900302,0.78836,0.840621,33,80
XGBoost (Combo 38),XGBoost,38,XGBoost_colsample_bytree=0.7_learning_rate=0.2_max_depth=3_n_estimators=100_subsample=1.0.joblib,"{'model__colsample_bytree': 0.7, 'model__learning_rate': 0.2, 'model__max_depth': 3, 'model__n_estimators': 100, 'model__subsample': 1.0}",0.803008,0.970361,0.889552,0.78836,0.835905,0.999485,0.961929,0.992899,0.984894,0.862434,0.919605,0.999749,0.158921,0.022538,0.095342,0.074074,0.0837,37,80,5,52,3.2861,0.0548,0.803008,0.158921,0.889552,0.78836,0.835905,37,80
KNN (Combo 4),KNN,4,KNN_n_neighbors=3_p=2_weights=distance.joblib,"{'model__n_neighbors': 3, 'model__p': 2, 'model__weights': 'distance'}",0.802539,0.917904,0.930818,0.783069,0.850575,0.999542,1.0,1.0,1.0,1.0,1.0,1.0,0.197461,0.082096,0.069182,0.216931,0.149425,22,82,0,0,64.9373,1.0823,0.802539,0.197461,0.930818,0.783069,0.850575,22,82
XGBoost (Combo 43),XGBoost,43,XGBoost_colsample_bytree=0.7_learning_rate=0.2_max_depth=4_n_estimators=100_subsample=0.8.joblib,"{'model__colsample_bytree': 0.7, 'model__learning_rate': 0.2, 'model__max_depth': 4, 'model__n_estimators': 100, 'model__subsample': 0.8}",0.800923,0.947458,0.870871,0.767196,0.815752,0.999423,0.992987,0.999898,0.997222,0.949735,0.9729,0.999912,0.192064,0.05244,0.126351,0.18254,0.157147,43,88,1,19,4.121,0.0687,0.800923,0.192064,0.870871,0.767196,0.815752,43,88
KNN (Combo 2),KNN,2,KNN_n_neighbors=3_p=1_weights=distance.joblib,"{'model__n_neighbors': 3, 'model__p': 1, 'model__weights': 'distance'}",0.800653,0.915263,0.925,0.783069,0.848138,0.999533,1.0,1.0,1.0,1.0,1.0,1.0,0.199347,0.084737,0.075,0.216931,0.151862,24,82,0,0,222.456,3.7076,0.800653,0.199347,0.925,0.783069,0.848138,24,82
XGBoost (Combo 150),XGBoost,150,XGBoost_colsample_bytree=1.0_learning_rate=0.2_max_depth=3_n_estimators=300_subsample=1.0.joblib,"{'model__colsample_bytree': 1.0, 'model__learning_rate': 0.2, 'model__max_depth': 3, 'model__n_estimators': 300, 'model__subsample': 1.0}",0.80027,0.949923,0.885886,0.780423,0.829817,0.999467,0.999899,1.0,1.0,0.997354,0.998675,0.999996,0.199629,0.050077,0.114114,0.216931,0.168858,38,83,0,1,6.9338,0.1156,0.80027,0.199629,0.885886,0.780423,0.829817,38,83
XGBoost (Combo 108),XGBoost,108,XGBoost_colsample_bytree=0.8_learning_rate=0.2_max_depth=6_n_estimators=300_subsample=1.0.joblib,"{'model__colsample_bytree': 0.8, 'model__learning_rate': 0.2, 'model__max_depth': 6, 'model__n_estimators': 300, 'model__subsample': 1.0}",0.800048,0.961243,0.887538,0.772487,0.826025,0.999458,1.0,1.0,1.0,0.997354,0.998675,0.999996,0.199952,0.038757,0.112462,0.224868,0.17265,37,86,0,1,8.2829,0.138,0.800048,0.199952,0.887538,0.772487,0.826025,37,86
XGBoost (Combo 162),XGBoost,162,XGBoost_colsample_bytree=1.0_learning_rate=0.2_max_depth=6_n_estimators=300_subsample=1.0.joblib,"{'model__colsample_bytree': 1.0, 'model__learning_rate': 0.2, 'model__max_depth': 6, 'model__n_estimators': 300, 'model__subsample': 1.0}",0.798961,0.961831,0.89939,0.780423,0.835694,0.999489,1.0,1.0,1.0,1.0,1.0,1.0,0.201039,0.038169,0.10061,0.219577,0.164306,33,83,0,0,8.3945,0.1399,0.798961,0.201039,0.89939,0.780423,0.835694,33,83
KNN (Combo 11),KNN,11,KNN_n_neighbors=7_p=2_weights=uniform.joblib,"{'model__n_neighbors': 7, 'model__p': 2, 'model__weights': 'uniform'}",0.796871,0.924441,0.907643,0.753968,0.823699,0.999463,0.922734,0.999878,0.945513,0.780423,0.855072,0.999559,0.125863,0.075438,0.03787,0.026455,0.031373,29,93,17,83,63.3004,1.055,0.796871,0.125863,0.907643,0.753968,0.823699,29,93
XGBoost (Combo 106),XGBoost,106,XGBoost_colsample_bytree=0.8_learning_rate=0.2_max_depth=6_n_estimators=200_subsample=1.0.joblib,"{'model__colsample_bytree': 0.8, 'model__learning_rate': 0.2, 'model__max_depth': 6, 'model__n_estimators': 200, 'model__subsample': 1.0}",0.795236,0.958478,0.873494,0.767196,0.816901,0.999427,0.998456,0.999994,1.0,0.997354,0.998675,0.999996,0.20322,0.041516,0.126506,0.230159,0.181774,42,88,0,1,6.5799,0.1097,0.795236,0.20322,0.873494,0.767196,0.816901,42,88
XGBoost (Combo 160),XGBoost,160,XGBoost_colsample_bytree=1.0_learning_rate=0.2_max_depth=6_n_estimators=200_subsample=1.0.joblib,"{'model__colsample_bytree': 1.0, 'model__learning_rate': 0.2, 'model__max_depth': 6, 'model__n_estimators': 200, 'model__subsample': 1.0}",0.794756,0.961514,0.89426,0.783069,0.834979,0.999485,1.0,1.0,1.0,1.0,1.0,1.0,0.205244,0.038486,0.10574,0.216931,0.165021,35,82,0,0,6.5939,0.1099,0.794756,0.205244,0.89426,0.783069,0.834979,35,82
XGBoost (Combo 148),XGBoost,148,XGBoost_colsample_bytree=1.0_learning_rate=0.2_max_depth=3_n_estimators=200_subsample=1.0.joblib,"{'model__colsample_bytree': 1.0, 'model__learning_rate': 0.2, 'model__max_depth': 3, 'model__n_estimators': 200, 'model__subsample': 1.0}",0.794688,0.950303,0.885886,0.780423,0.829817,0.999467,0.989321,0.998074,1.0,0.931217,0.964384,0.999885,0.194632,0.047771,0.114114,0.150794,0.134566,38,83,0,26,5.2284,0.0871,0.794688,0.194632,0.885886,0.780423,0.829817,38,83
KNN (Combo 13),KNN,13,KNN_n_neighbors=11_p=1_weights=uniform.joblib,"{'model__n_neighbors': 11, 'model__p': 1, 'model__weights': 'uniform'}",0.794648,0.923065,0.893417,0.753968,0.817791,0.99944,0.901207,0.999822,0.9125,0.772487,0.836676,0.999498,0.106559,0.076757,0.019083,0.018519,0.018886,34,93,28,86,236.5762,3.9429,0.794648,0.106559,0.893417,0.753968,0.817791,34,93
XGBoost (Combo 41),XGBoost,41,XGBoost_colsample_bytree=0.7_learning_rate=0.2_max_depth=3_n_estimators=300_subsample=0.8.joblib,"{'model__colsample_bytree': 0.7, 'model__learning_rate': 0.2, 'model__max_depth': 3, 'model__n_estimators': 300, 'model__subsample': 0.8}",0.79446,0.950258,0.893617,0.777778,0.831683,0.999476,1.0,1.0,1.0,1.0,1.0,1.0,0.20554,0.049742,0.106383,0.222222,0.168317,35,84,0,0,8.9713,0.1495,0.79446,0.20554,0.893617,0.777778,0.831683,35,84
KNN (Combo 9),KNN,9,KNN_n_neighbors=7_p=1_weights=uniform.joblib,"{'model__n_neighbors': 7, 'model__p': 1, 'model__weights': 'uniform'}",0.793574,0.92312,0.907643,0.753968,0.823699,0.999463,0.922952,0.99988,0.942492,0.780423,0.853835,0.999555,0.129378,0.07676,0.034849,0.026455,0.030136,29,93,18,83,225.5743,3.7596,0.793574,0.129378,0.907643,0.753968,0.823699,29,93
KNN (Combo 7),KNN,7,KNN_n_neighbors=5_p=2_weights=uniform.joblib,"{'model__n_neighbors': 5, 'model__p': 2, 'model__weights': 'uniform'}",0.79354,0.921828,0.916667,0.756614,0.828986,0.99948,0.938314,0.999913,0.946875,0.801587,0.868195,0.999595,0.144774,0.078085,0.030208,0.044974,0.039209,26,92,17,75,68.7886,1.1465,0.79354,0.144774,0.916667,0.756614,0.828986,26,92
KNN (Combo 5),KNN,5,KNN_n_neighbors=5_p=1_weights=uniform.joblib,"{'model__n_neighbors': 5, 'model__p': 1, 'model__weights': 'uniform'}",0.792514,0.921827,0.919094,0.751323,0.826783,0.999476,0.939427,0.999917,0.946372,0.793651,0.863309,0.999581,0.146913,0.07809,0.027278,0.042328,0.036526,25,94,17,78,225.0013,3.75,0.792514,0.146913,0.919094,0.751323,0.826783,25,94
XGBoost (Combo 158),XGBoost,158,XGBoost_colsample_bytree=1.0_learning_rate=0.2_max_depth=6_n_estimators=100_subsample=1.0.joblib,"{'model__colsample_bytree': 1.0, 'model__learning_rate': 0.2, 'model__max_depth': 6, 'model__n_estimators': 100, 'model__subsample': 1.0}",0.791778,0.964323,0.883234,0.780423,0.828652,0.999463,0.999543,0.999999,1.0,0.994709,0.997347,0.999991,0.207765,0.035676,0.116766,0.214286,0.168696,39,83,0,2,4.2088,0.0701,0.791778,0.207765,0.883234,0.780423,0.828652,39,83
KNN (Combo 15),KNN,15,KNN_n_neighbors=11_p=2_weights=uniform.joblib,"{'model__n_neighbors': 11, 'model__p': 2, 'model__weights': 'uniform'}",0.789691,0.925693,0.873846,0.751323,0.807966,0.999405,0.900207,0.999817,0.90625,0.767196,0.830946,0.99948,0.110516,0.074124,0.032404,0.015873,0.02298,41,94,30,88,68.4209,1.1403,0.789691,0.110516,0.873846,0.751323,0.807966,41,94
KNN (Combo 3),KNN,3,KNN_n_neighbors=3_p=2_weights=uniform.joblib,"{'model__n_neighbors': 3, 'model__p': 2, 'model__weights': 'uniform'}",0.789681,0.917895,0.930599,0.780423,0.848921,0.999537,0.963119,0.999958,0.963077,0.828042,0.890469,0.999661,0.173438,0.082063,0.032478,0.047619,0.041549,22,83,12,65,62.4502,1.0408,0.789681,0.173438,0.930599,0.780423,0.848921,22,83
XGBoost (Combo 102),XGBoost,102,XGBoost_colsample_bytree=0.8_learning_rate=0.2_max_depth=4_n_estimators=300_subsample=1.0.joblib,"{'model__colsample_bytree': 0.8, 'model__learning_rate': 0.2, 'model__max_depth': 4, 'model__n_estimators': 300, 'model__subsample': 1.0}",0.789628,0.936931,0.891975,0.76455,0.823362,0.999454,1.0,1.0,1.0,1.0,1.0,1.0,0.210372,0.063069,0.108025,0.23545,0.176638,35,89,0,0,7.6729,0.1279,0.789628,0.210372,0.891975,0.76455,0.823362,35,89
XGBoost (Combo 39),XGBoost,39,XGBoost_colsample_bytree=0.7_learning_rate=0.2_max_depth=3_n_estimators=200_subsample=0.8.joblib,"{'model__colsample_bytree': 0.7, 'model__learning_rate': 0.2, 'model__max_depth': 3, 'model__n_estimators': 200, 'model__subsample': 0.8}",0.788755,0.947103,0.885542,0.777778,0.828169,0.999463,0.995583,0.999963,1.0,0.973545,0.986595,0.999956,0.206828,0.05286,0.114458,0.195767,0.158426,38,84,0,10,6.3238,0.1054,0.788755,0.206828,0.885542,0.777778,0.828169,38,84
XGBoost (Combo 104),XGBoost,104,XGBoost_colsample_bytree=0.8_learning_rate=0.2_max_depth=6_n_estimators=100_subsample=1.0.joblib,"{'model__colsample_bytree': 0.8, 'model__learning_rate': 0.2, 'model__max_depth': 6, 'model__n_estimators': 100, 'model__subsample': 1.0}",0.788065,0.948131,0.864706,0.777778,0.818942,0.999427,0.996034,0.99773,1.0,0.992063,0.996016,0.999987,0.207969,0.049599,0.135294,0.214286,0.177074,46,84,0,3,4.2456,0.0708,0.788065,0.207969,0.864706,0.777778,0.818942,46,84
XGBoost (Combo 146),XGBoost,146,XGBoost_colsample_bytree=1.0_learning_rate=0.2_max_depth=3_n_estimators=100_subsample=1.0.joblib,"{'model__colsample_bytree': 1.0, 'model__learning_rate': 0.2, 'model__max_depth': 3, 'model__n_estimators': 100, 'model__subsample': 1.0}",0.787626,0.949205,0.887879,0.775132,0.827684,0.999463,0.92797,0.985674,0.981595,0.846561,0.909091,0.999718,0.140344,0.036468,0.093716,0.071429,0.081407,37,85,6,58,3.1778,0.053,0.787626,0.140344,0.887879,0.775132,0.827684,37,85
KNN (Combo 1),KNN,1,KNN_n_neighbors=3_p=1_weights=uniform.joblib,"{'model__n_neighbors': 3, 'model__p': 1, 'model__weights': 'uniform'}",0.787434,0.915254,0.927445,0.777778,0.846043,0.999529,0.961941,0.999958,0.96904,0.828042,0.89301,0.99967,0.174507,0.084704,0.041595,0.050265,0.046967,23,84,10,65,221.5746,3.6929,0.787434,0.174507,0.927445,0.777778,0.846043,23,84
XGBoost (Combo 100),XGBoost,100,XGBoost_colsample_bytree=0.8_learning_rate=0.2_max_depth=4_n_estimators=200_subsample=1.0.joblib,"{'model__colsample_bytree': 0.8, 'model__learning_rate': 0.2, 'model__max_depth': 4, 'model__n_estimators': 200, 'model__subsample': 1.0}",0.784297,0.934416,0.885802,0.759259,0.817664,0.999436,1.0,1.0,1.0,0.997354,0.998675,0.999996,0.215703,0.065584,0.114198,0.238095,0.181012,37,91,0,1,5.7733,0.0962,0.784297,0.215703,0.885802,0.759259,0.817664,37,91
XGBoost (Combo 156),XGBoost,156,XGBoost_colsample_bytree=1.0_learning_rate=0.2_max_depth=4_n_estimators=300_subsample=1.0.joblib,"{'model__colsample_bytree': 1.0, 'model__learning_rate': 0.2, 'model__max_depth': 4, 'model__n_estimators': 300, 'model__subsample': 1.0}",0.776954,0.948723,0.873494,0.767196,0.816901,0.999427,1.0,1.0,1.0,1.0,1.0,1.0,0.223046,0.051277,0.126506,0.232804,0.183099,42,88,0,0,8.0359,0.1339,0.776954,0.223046,0.873494,0.767196,0.816901,42,88
XGBoost (Combo 154),XGBoost,154,XGBoost_colsample_bytree=1.0_learning_rate=0.2_max_depth=4_n_estimators=200_subsample=1.0.joblib,"{'model__colsample_bytree': 1.0, 'model__learning_rate': 0.2, 'model__max_depth': 4, 'model__n_estimators': 200, 'model__subsample': 1.0}",0.77318,0.948782,0.867868,0.76455,0.81294,0.999414,0.999993,1.0,0.997354,0.997354,0.997354,0.999991,0.226813,0.051218,0.129487,0.232804,0.184415,44,89,1,1,5.6621,0.0944,0.77318,0.226813,0.867868,0.76455,0.81294,44,89
XGBoost (Combo 98),XGBoost,98,XGBoost_colsample_bytree=0.8_learning_rate=0.2_max_depth=4_n_estimators=100_subsample=1.0.joblib,"{'model__colsample_bytree': 0.8, 'model__learning_rate': 0.2, 'model__max_depth': 4, 'model__n_estimators': 100, 'model__subsample': 1.0}",0.772427,0.930467,0.863905,0.772487,0.815642,0.999418,0.988146,0.993266,0.994318,0.925926,0.958904,0.999868,0.215719,0.062799,0.130413,0.153439,0.143262,46,86,2,28,3.6163,0.0603,0.772427,0.215719,0.863905,0.772487,0.815642,46,86
XGBoost (Combo 37),XGBoost,37,XGBoost_colsample_bytree=0.7_learning_rate=0.2_max_depth=3_n_estimators=100_subsample=0.8.joblib,"{'model__colsample_bytree': 0.7, 'model__learning_rate': 0.2, 'model__max_depth': 3, 'model__n_estimators': 100, 'model__subsample': 0.8}",0.768765,0.940057,0.876506,0.769841,0.819718,0.999436,0.96289,0.992887,0.98503,0.87037,0.924157,0.999762,0.194125,0.05283,0.108524,0.100529,0.104439,41,87,5,49,3.9508,0.0658,0.768765,0.194125,0.876506,0.769841,0.819718,41,87
XGBoost (Combo 152),XGBoost,152,XGBoost_colsample_bytree=1.0_learning_rate=0.2_max_depth=4_n_estimators=100_subsample=1.0.joblib,"{'model__colsample_bytree': 1.0, 'model__learning_rate': 0.2, 'model__max_depth': 4, 'model__n_estimators': 100, 'model__subsample': 1.0}",0.764669,0.944801,0.864865,0.761905,0.810127,0.999405,0.988746,0.997227,0.99162,0.939153,0.964674,0.999885,0.224077,0.052426,0.126755,0.177249,0.154547,45,90,3,23,3.548,0.0591,0.764669,0.224077,0.864865,0.761905,0.810127,45,90
XGBoost (Combo 95),XGBoost,95,XGBoost_colsample_bytree=0.8_learning_rate=0.2_max_depth=3_n_estimators=300_subsample=0.8.joblib,"{'model__colsample_bytree': 0.8, 'model__learning_rate': 0.2, 'model__max_depth': 3, 'model__n_estimators': 300, 'model__subsample': 0.8}",0.75783,0.930242,0.833819,0.756614,0.793343,0.999344,1.0,1.0,1.0,0.997354,0.998675,0.999996,0.24217,0.069758,0.166181,0.240741,0.205333,57,92,0,1,9.1972,0.1533,0.75783,0.24217,0.833819,0.756614,0.793343,57,92
XGBoost (Combo 93),XGBoost,93,XGBoost_colsample_bytree=0.8_learning_rate=0.2_max_depth=3_n_estimators=200_subsample=0.8.joblib,"{'model__colsample_bytree': 0.8, 'model__learning_rate': 0.2, 'model__max_depth': 3, 'model__n_estimators': 200, 'model__subsample': 0.8}",0.751005,0.924892,0.82906,0.769841,0.798354,0.999352,0.991355,0.999527,0.997207,0.944444,0.970109,0.999903,0.240349,0.074635,0.168147,0.174603,0.171755,60,87,1,21,6.5464,0.1091,0.751005,0.240349,0.82906,0.769841,0.798354,60,87
RandomForest (Combo 2),RandomForest,2,RandomForest_max_depth=6_min_samples_split=2_n_estimators=200.joblib,"{'model__max_depth': 6, 'model__min_samples_split': 2, 'model__n_estimators': 200}",0.747803,0.979212,0.42556,0.854497,0.568162,0.997837,0.845768,0.998126,0.42093,0.957672,0.584814,0.997735,0.097965,0.018914,-0.00463,0.103175,0.016652,436,55,498,16,49.6617,0.8277,0.747803,0.097965,0.42556,0.854497,0.568162,436,55
RandomForest (Combo 4),RandomForest,4,RandomForest_max_depth=6_min_samples_split=5_n_estimators=200.joblib,"{'model__max_depth': 6, 'model__min_samples_split': 5, 'model__n_estimators': 200}",0.745249,0.978891,0.429708,0.857143,0.572438,0.997868,0.842353,0.997979,0.41542,0.955026,0.57899,0.997687,0.097104,0.019088,-0.014288,0.097884,0.006551,430,54,508,17,49.8056,0.8301,0.745249,0.097104,0.429708,0.857143,0.572438,430,54
MLP (Combo 4),MLP,4,"MLP_epochs=15_hidden_sizes=(128, 64)_lr=0.0001.joblib","{'model__epochs': 15, 'model__hidden_sizes': (128, 64), 'model__lr': 0.0001}",0.743826,0.984016,0.081075,0.910053,0.148886,0.982672,0.766674,0.996317,0.087029,0.960317,0.159596,0.983157,0.022848,0.012301,0.005955,0.050265,0.01071,3899,34,3808,15,144.9599,2.416,0.743826,0.022848,0.081075,0.910053,0.148886,3899,34
RandomForest (Combo 1),RandomForest,1,RandomForest_max_depth=6_min_samples_split=2_n_estimators=100.joblib,"{'model__max_depth': 6, 'model__min_samples_split': 2, 'model__n_estimators': 100}",0.74219,0.980051,0.427249,0.854497,0.569665,0.99785,0.829631,0.998144,0.42142,0.957672,0.585287,0.99774,0.08744,0.018093,-0.005828,0.103175,0.015622,433,55,497,16,24.8754,0.4146,0.74219,0.08744,0.427249,0.854497,0.569665,433,55
LogisticRegression (Combo 8),LogisticRegression,8,LogisticRegression_C=10.0_solver=liblinear.joblib,"{'model__C': 10.0, 'model__solver': 'liblinear'}",0.738915,0.980459,0.059673,0.917989,0.112062,0.975773,0.742834,0.989753,0.061522,0.925926,0.115378,0.976355,0.00392,0.009293,0.001849,0.007937,0.003316,5468,31,5339,28,9.14,0.1523,0.738915,0.00392,0.059673,0.917989,0.112062,5468,31
LogisticRegression (Combo 5),LogisticRegression,5,LogisticRegression_C=1.0_solver=lbfgs.joblib,"{'model__C': 1.0, 'model__solver': 'lbfgs'}",0.738076,0.980541,0.059694,0.917989,0.112098,0.975782,0.741119,0.98972,0.061566,0.925926,0.115454,0.976372,0.003044,0.009179,0.001872,0.007937,0.003356,5466,31,5335,28,3.0498,0.0508,0.738076,0.003044,0.059694,0.917989,0.112098,5466,31
LogisticRegression (Combo 7),LogisticRegression,7,LogisticRegression_C=10.0_solver=lbfgs.joblib,"{'model__C': 10.0, 'model__solver': 'lbfgs'}",0.738029,0.980559,0.059632,0.917989,0.11199,0.975756,0.742526,0.989742,0.061468,0.925926,0.115283,0.976333,0.004497,0.009183,0.001836,0.007937,0.003294,5472,31,5344,28,3.1607,0.0527,0.738029,0.004497,0.059632,0.917989,0.11199,5472,31
MLP (Combo 3),MLP,3,"MLP_epochs=15_hidden_sizes=(128, 64)_lr=0.001.joblib","{'model__epochs': 15, 'model__hidden_sizes': (128, 64), 'model__lr': 0.001}",0.737735,0.974163,0.133333,0.883598,0.231703,0.990241,0.78551,0.99952,0.108652,1.0,0.196007,0.986338,0.047775,0.025357,-0.024681,0.116402,-0.035696,2171,44,3101,0,150.8675,2.5145,0.737735,0.047775,0.133333,0.883598,0.231703,2171,44
LogisticRegression (Combo 6),LogisticRegression,6,LogisticRegression_C=1.0_solver=liblinear.joblib,"{'model__C': 1.0, 'model__solver': 'liblinear'}",0.737411,0.980488,0.059797,0.917989,0.11228,0.975826,0.742516,0.989745,0.061501,0.925926,0.11534,0.976346,0.005105,0.009257,0.001704,0.007937,0.003061,5456,31,5341,28,8.8723,0.1479,0.737411,0.005105,0.059797,0.917989,0.11228,5456,31
RandomForest (Combo 3),RandomForest,3,RandomForest_max_depth=6_min_samples_split=5_n_estimators=100.joblib,"{'model__max_depth': 6, 'model__min_samples_split': 5, 'model__n_estimators': 100}",0.736876,0.979737,0.426121,0.854497,0.568662,0.997841,0.829661,0.998126,0.423888,0.957672,0.587662,0.997762,0.092785,0.018389,-0.002234,0.103175,0.019,435,55,492,16,25.2351,0.4206,0.736876,0.092785,0.426121,0.854497,0.568662,435,55
LogisticRegression (Combo 2),LogisticRegression,2,LogisticRegression_C=0.01_solver=liblinear.joblib,"{'model__C': 0.01, 'model__solver': 'liblinear'}",0.736865,0.981198,0.060826,0.907407,0.11401,0.976513,0.74349,0.989391,0.062422,0.920635,0.116916,0.976839,0.006624,0.008193,0.001595,0.013228,0.002906,5296,35,5227,30,5.6341,0.0939,0.736865,0.006624,0.060826,0.907407,0.11401,5296,35
XGBoost (Combo 91),XGBoost,91,XGBoost_colsample_bytree=0.8_learning_rate=0.2_max_depth=3_n_estimators=100_subsample=0.8.joblib,"{'model__colsample_bytree': 0.8, 'model__learning_rate': 0.2, 'model__max_depth': 3, 'model__n_estimators': 100, 'model__subsample': 0.8}",0.736669,0.908147,0.828986,0.756614,0.791148,0.999335,0.922718,0.982862,0.969605,0.843915,0.902405,0.999696,0.186049,0.074715,0.140619,0.087302,0.111257,59,92,10,59,3.9562,0.0659,0.736669,0.186049,0.828986,0.756614,0.791148,59,92
LogisticRegression (Combo 4),LogisticRegression,4,LogisticRegression_C=0.1_solver=liblinear.joblib,"{'model__C': 0.1, 'model__solver': 'liblinear'}",0.73552,0.980593,0.059955,0.915344,0.112539,0.975958,0.741085,0.989689,0.061544,0.925926,0.115416,0.976364,0.005565,0.009096,0.001589,0.010582,0.002878,5425,32,5337,28,7.5795,0.1263,0.73552,0.005565,0.059955,0.915344,0.112539,5425,32
LogisticRegression (Combo 3),LogisticRegression,3,LogisticRegression_C=0.1_solver=lbfgs.joblib,"{'model__C': 0.1, 'model__solver': 'lbfgs'}",0.734922,0.980544,0.060107,0.917989,0.112827,0.975958,0.741364,0.989696,0.061465,0.92328,0.115258,0.976394,0.006442,0.009152,0.001358,0.005291,0.00243,5426,31,5329,29,3.1342,0.0522,0.734922,0.006442,0.060107,0.917989,0.112827,5426,31
MLP (Combo 2),MLP,2,"MLP_epochs=15_hidden_sizes=(64, 32)_lr=0.0001.joblib","{'model__epochs': 15, 'model__hidden_sizes': (64, 32), 'model__lr': 0.0001}",0.734496,0.980882,0.080161,0.896825,0.147167,0.98269,0.752446,0.992929,0.082885,0.936508,0.152291,0.982637,0.01795,0.012047,0.002724,0.039683,0.005123,3890,39,3917,24,147.7136,2.4619,0.734496,0.01795,0.080161,0.896825,0.147167,3890,39
LogisticRegression (Combo 1),LogisticRegression,1,LogisticRegression_C=0.01_solver=lbfgs.joblib,"{'model__C': 0.01, 'model__solver': 'lbfgs'}",0.734421,0.980774,0.061054,0.907407,0.11441,0.976606,0.740924,0.989417,0.062087,0.920635,0.11633,0.976707,0.006503,0.008643,0.001034,0.013228,0.00192,5275,35,5257,30,2.5706,0.0428,0.734421,0.006503,0.061054,0.907407,0.11441,5275,35
MLP (Combo 1),MLP,1,"MLP_epochs=15_hidden_sizes=(64, 32)_lr=0.001.joblib","{'model__epochs': 15, 'model__hidden_sizes': (64, 32), 'model__lr': 0.001}",0.730743,0.971803,0.09243,0.891534,0.167495,0.985241,0.808859,0.999563,0.136678,0.994709,0.240332,0.989528,0.078115,0.02776,0.044248,0.103175,0.072837,3309,41,2375,2,138.0524,2.3009,0.730743,0.078115,0.09243,0.891534,0.167495,3309,41
XGBoost (Combo 107),XGBoost,107,XGBoost_colsample_bytree=0.8_learning_rate=0.2_max_depth=6_n_estimators=300_subsample=0.8.joblib,"{'model__colsample_bytree': 0.8, 'model__learning_rate': 0.2, 'model__max_depth': 6, 'model__n_estimators': 300, 'model__subsample': 0.8}",0.724691,0.907681,0.801136,0.746032,0.772603,0.999269,1.0,1.0,1.0,1.0,1.0,1.0,0.275309,0.092319,0.198864,0.253968,0.227397,70,96,0,0,12.7287,0.2121,0.724691,0.275309,0.801136,0.746032,0.772603,70,96
XGBoost (Combo 96),XGBoost,96,XGBoost_colsample_bytree=0.8_learning_rate=0.2_max_depth=3_n_estimators=300_subsample=1.0.joblib,"{'model__colsample_bytree': 0.8, 'model__learning_rate': 0.2, 'model__max_depth': 3, 'model__n_estimators': 300, 'model__subsample': 1.0}",0.719979,0.911797,0.79235,0.767196,0.77957,0.999277,0.998029,0.999987,1.0,0.997354,0.998675,0.999996,0.27805,0.08819,0.20765,0.230159,0.219106,76,88,0,1,6.8801,0.1147,0.719979,0.27805,0.79235,0.767196,0.77957,76,88
DecisionTree (Combo 12),DecisionTree,12,DecisionTree_max_depth=12_min_samples_leaf=10.joblib,"{'model__max_depth': 12, 'model__min_samples_leaf': 10}",0.715965,0.890939,0.220238,0.783069,0.343786,0.995022,0.854491,0.999755,0.386899,1.0,0.557934,0.997361,0.138526,0.108815,0.166661,0.216931,0.214147,1048,82,599,0,8.9845,0.1497,0.715965,0.138526,0.220238,0.783069,0.343786,1048,82
XGBoost (Combo 105),XGBoost,105,XGBoost_colsample_bytree=0.8_learning_rate=0.2_max_depth=6_n_estimators=200_subsample=0.8.joblib,"{'model__colsample_bytree': 0.8, 'model__learning_rate': 0.2, 'model__max_depth': 6, 'model__n_estimators': 200, 'model__subsample': 0.8}",0.710321,0.900806,0.79096,0.740741,0.765027,0.999242,1.0,1.0,1.0,1.0,1.0,1.0,0.289679,0.099194,0.20904,0.259259,0.234973,74,98,0,0,9.0493,0.1508,0.710321,0.289679,0.79096,0.740741,0.765027,74,98
XGBoost (Combo 94),XGBoost,94,XGBoost_colsample_bytree=0.8_learning_rate=0.2_max_depth=3_n_estimators=200_subsample=1.0.joblib,"{'model__colsample_bytree': 0.8, 'model__learning_rate': 0.2, 'model__max_depth': 3, 'model__n_estimators': 200, 'model__subsample': 1.0}",0.700995,0.906622,0.785124,0.753968,0.769231,0.999247,0.991108,0.997329,1.0,0.933862,0.9658,0.99989,0.290113,0.090707,0.214876,0.179894,0.19657,78,93,0,25,5.1182,0.0853,0.700995,0.290113,0.785124,0.753968,0.769231,78,93
XGBoost (Combo 101),XGBoost,101,XGBoost_colsample_bytree=0.8_learning_rate=0.2_max_depth=4_n_estimators=300_subsample=0.8.joblib,"{'model__colsample_bytree': 0.8, 'model__learning_rate': 0.2, 'model__max_depth': 4, 'model__n_estimators': 300, 'model__subsample': 0.8}",0.672994,0.911289,0.741514,0.751323,0.746386,0.99915,1.0,1.0,1.0,1.0,1.0,1.0,0.327006,0.088711,0.258486,0.248677,0.253614,99,94,0,0,12.3298,0.2055,0.672994,0.327006,0.741514,0.751323,0.746386,99,94
XGBoost (Combo 103),XGBoost,103,XGBoost_colsample_bytree=0.8_learning_rate=0.2_max_depth=6_n_estimators=100_subsample=0.8.joblib,"{'model__colsample_bytree': 0.8, 'model__learning_rate': 0.2, 'model__max_depth': 6, 'model__n_estimators': 100, 'model__subsample': 0.8}",0.672665,0.877199,0.767507,0.724868,0.745578,0.999176,0.99435,0.999968,0.986702,0.981481,0.984085,0.999947,0.321686,0.122769,0.219195,0.256614,0.238507,83,104,5,7,5.2998,0.0883,0.672665,0.321686,0.767507,0.724868,0.745578,83,104
DecisionTree (Combo 11),DecisionTree,11,DecisionTree_max_depth=12_min_samples_leaf=5.joblib,"{'model__max_depth': 12, 'model__min_samples_leaf': 5}",0.661211,0.894892,0.226515,0.791005,0.352179,0.995154,0.748171,0.999653,0.386108,1.0,0.557111,0.997352,0.086959,0.104761,0.159593,0.208995,0.204932,1021,79,601,0,8.8499,0.1475,0.661211,0.086959,0.226515,0.791005,0.352179,1021,79
XGBoost (Combo 92),XGBoost,92,XGBoost_colsample_bytree=0.8_learning_rate=0.2_max_depth=3_n_estimators=100_subsample=1.0.joblib,"{'model__colsample_bytree': 0.8, 'model__learning_rate': 0.2, 'model__max_depth': 3, 'model__n_estimators': 100, 'model__subsample': 1.0}",0.655309,0.883449,0.77686,0.746032,0.761134,0.99922,0.919812,0.984773,0.972644,0.846561,0.905233,0.999705,0.264503,0.101324,0.195785,0.100529,0.1441,81,96,9,58,3.177,0.0529,0.655309,0.264503,0.77686,0.746032,0.761134,81,96
XGBoost (Combo 99),XGBoost,99,XGBoost_colsample_bytree=0.8_learning_rate=0.2_max_depth=4_n_estimators=200_subsample=0.8.joblib,"{'model__colsample_bytree': 0.8, 'model__learning_rate': 0.2, 'model__max_depth': 4, 'model__n_estimators': 200, 'model__subsample': 0.8}",0.655072,0.904993,0.73822,0.746032,0.742105,0.999136,0.999848,1.0,1.0,0.997354,0.998675,0.999996,0.344777,0.095007,0.26178,0.251323,0.25657,100,96,0,1,8.4154,0.1403,0.655072,0.344777,0.73822,0.746032,0.742105,100,96
XGBoost (Combo 97),XGBoost,97,XGBoost_colsample_bytree=0.8_learning_rate=0.2_max_depth=4_n_estimators=100_subsample=0.8.joblib,"{'model__colsample_bytree': 0.8, 'model__learning_rate': 0.2, 'model__max_depth': 4, 'model__n_estimators': 100, 'model__subsample': 0.8}",0.620376,0.889677,0.739247,0.727513,0.733333,0.999119,0.988512,0.997125,0.997151,0.925926,0.960219,0.999872,0.368136,0.107448,0.257904,0.198413,0.226886,97,103,1,28,4.7591,0.0793,0.620376,0.368136,0.739247,0.727513,0.733333,97,103
DecisionTree (Combo 9),DecisionTree,9,DecisionTree_max_depth=8_min_samples_leaf=10.joblib,"{'model__max_depth': 8, 'model__min_samples_leaf': 10}",0.619009,0.909097,0.108879,0.81746,0.192164,0.988554,0.574332,0.99907,0.161638,0.992063,0.277984,0.991418,-0.044677,0.089973,0.052758,0.174603,0.08582,2529,69,1945,3,8.8427,0.1474,0.619009,-0.044677,0.108879,0.81746,0.192164,2529,69
DecisionTree (Combo 8),DecisionTree,8,DecisionTree_max_depth=8_min_samples_leaf=5.joblib,"{'model__max_depth': 8, 'model__min_samples_leaf': 5}",0.582853,0.90764,0.109492,0.814815,0.193043,0.988655,0.575958,0.999084,0.163043,0.992063,0.28006,0.991506,-0.006895,0.091444,0.053552,0.177249,0.087017,2505,70,1925,3,8.8233,0.1471,0.582853,-0.006895,0.109492,0.814815,0.193043,2505,70
XGBoost (Combo 161),XGBoost,161,XGBoost_colsample_bytree=1.0_learning_rate=0.2_max_depth=6_n_estimators=300_subsample=0.8.joblib,"{'model__colsample_bytree': 1.0, 'model__learning_rate': 0.2, 'model__max_depth': 6, 'model__n_estimators': 300, 'model__subsample': 0.8}",0.570831,0.764944,0.854331,0.574074,0.686709,0.999128,1.0,1.0,1.0,0.997354,0.998675,0.999996,0.429169,0.235056,0.145669,0.42328,0.311967,37,161,0,1,13.4316,0.2239,0.570831,0.429169,0.854331,0.574074,0.686709,37,161
XGBoost (Combo 159),XGBoost,159,XGBoost_colsample_bytree=1.0_learning_rate=0.2_max_depth=6_n_estimators=200_subsample=0.8.joblib,"{'model__colsample_bytree': 1.0, 'model__learning_rate': 0.2, 'model__max_depth': 6, 'model__n_estimators': 200, 'model__subsample': 0.8}",0.550618,0.749301,0.825581,0.563492,0.669811,0.999075,0.995176,0.999872,1.0,0.994709,0.997347,0.999991,0.444558,0.250571,0.174419,0.431217,0.327536,45,165,0,2,9.3427,0.1557,0.550618,0.444558,0.825581,0.563492,0.669811,45,165
DecisionTree (Combo 10),DecisionTree,10,DecisionTree_max_depth=12_min_samples_leaf=2.joblib,"{'model__max_depth': 12, 'model__min_samples_leaf': 2}",0.542069,0.89479,0.233411,0.791005,0.360458,0.995326,0.735104,0.999647,0.402985,1.0,0.574468,0.997533,0.193035,0.104857,0.169574,0.208995,0.21401,982,79,560,0,9.0232,0.1504,0.542069,0.193035,0.233411,0.791005,0.360458,982,79
XGBoost (Combo 157),XGBoost,157,XGBoost_colsample_bytree=1.0_learning_rate=0.2_max_depth=6_n_estimators=100_subsample=0.8.joblib,"{'model__colsample_bytree': 1.0, 'model__learning_rate': 0.2, 'model__max_depth': 6, 'model__n_estimators': 100, 'model__subsample': 0.8}",0.520651,0.733751,0.790698,0.539683,0.641509,0.998996,0.994718,0.994774,1.0,0.989418,0.994681,0.999982,0.474067,0.261022,0.209302,0.449735,0.353171,54,174,0,4,5.3596,0.0893,0.520651,0.474067,0.790698,0.539683,0.641509,54,174
DecisionTree (Combo 7),DecisionTree,7,DecisionTree_max_depth=8_min_samples_leaf=2.joblib,"{'model__max_depth': 8, 'model__min_samples_leaf': 2}",0.513041,0.907569,0.109882,0.814815,0.19365,0.988699,0.583517,0.999103,0.16397,0.992063,0.281426,0.991563,0.070476,0.091534,0.054088,0.177249,0.087776,2495,70,1912,3,8.6766,0.1446,0.513041,0.070476,0.109882,0.814815,0.19365,2495,70
XGBoost (Combo 151),XGBoost,151,XGBoost_colsample_bytree=1.0_learning_rate=0.2_max_depth=4_n_estimators=100_subsample=0.8.joblib,"{'model__colsample_bytree': 1.0, 'model__learning_rate': 0.2, 'model__max_depth': 4, 'model__n_estimators': 100, 'model__subsample': 0.8}",0.504109,0.776446,0.678063,0.62963,0.652949,0.998885,0.977565,0.993138,0.991429,0.917989,0.953297,0.99985,0.473456,0.216692,0.313366,0.28836,0.300347,113,140,3,31,5.3057,0.0884,0.504109,0.473456,0.678063,0.62963,0.652949,113,140
XGBoost (Combo 155),XGBoost,155,XGBoost_colsample_bytree=1.0_learning_rate=0.2_max_depth=4_n_estimators=300_subsample=0.8.joblib,"{'model__colsample_bytree': 1.0, 'model__learning_rate': 0.2, 'model__max_depth': 4, 'model__n_estimators': 300, 'model__subsample': 0.8}",0.495724,0.803211,0.714697,0.656085,0.684138,0.998991,0.997166,0.999809,1.0,0.994709,0.997347,0.999991,0.501443,0.196598,0.285303,0.338624,0.31321,99,130,0,2,14.3088,0.2385,0.495724,0.501443,0.714697,0.656085,0.684138,99,130
XGBoost (Combo 153),XGBoost,153,XGBoost_colsample_bytree=1.0_learning_rate=0.2_max_depth=4_n_estimators=200_subsample=0.8.joblib,"{'model__colsample_bytree': 1.0, 'model__learning_rate': 0.2, 'model__max_depth': 4, 'model__n_estimators': 200, 'model__subsample': 0.8}",0.475182,0.801972,0.694915,0.650794,0.672131,0.998943,0.994726,0.996493,1.0,0.994709,0.997347,0.999991,0.519544,0.194521,0.305085,0.343915,0.325216,108,132,0,2,9.7,0.1617,0.475182,0.519544,0.694915,0.650794,0.672131,108,132
DecisionTree (Combo 6),DecisionTree,6,DecisionTree_max_depth=6_min_samples_leaf=10.joblib,"{'model__max_depth': 6, 'model__min_samples_leaf': 10}",0.469206,0.889126,0.066695,0.830688,0.123476,0.98036,0.524135,0.996246,0.076446,0.978836,0.141817,0.980271,0.054929,0.10712,0.009751,0.148148,0.018341,4394,64,4470,8,7.7566,0.1293,0.469206,0.054929,0.066695,0.830688,0.123476,4394,64
DecisionTree (Combo 5),DecisionTree,5,DecisionTree_max_depth=6_min_samples_leaf=5.joblib,"{'model__max_depth': 6, 'model__min_samples_leaf': 5}",0.435557,0.889103,0.066994,0.830688,0.123988,0.980452,0.524393,0.99625,0.076541,0.978836,0.14198,0.980298,0.088836,0.107147,0.009547,0.148148,0.017992,4373,64,4464,8,7.5636,0.1261,0.435557,0.088836,0.066994,0.830688,0.123988,4373,64
DecisionTree (Combo 4),DecisionTree,4,DecisionTree_max_depth=6_min_samples_leaf=2.joblib,"{'model__max_depth': 6, 'model__min_samples_leaf': 2}",0.432597,0.889098,0.067065,0.830688,0.124111,0.980474,0.528313,0.996263,0.0767,0.978836,0.142253,0.980342,0.095716,0.107166,0.009634,0.148148,0.018142,4368,64,4454,8,7.5361,0.1256,0.432597,0.095716,0.067065,0.830688,0.124111,4368,64
DecisionTree (Combo 2),DecisionTree,2,DecisionTree_max_depth=4_min_samples_leaf=5.joblib,"{'model__max_depth': 4, 'model__min_samples_leaf': 5}",0.388674,0.936414,0.049962,0.87037,0.094499,0.972222,0.459932,0.980613,0.040613,0.94709,0.077885,0.962653,0.071258,0.044198,-0.009349,0.07672,-0.016614,6256,49,8457,20,5.676,0.0946,0.388674,0.071258,0.049962,0.87037,0.094499,6256,49
DecisionTree (Combo 3),DecisionTree,3,DecisionTree_max_depth=4_min_samples_leaf=10.joblib,"{'model__max_depth': 4, 'model__min_samples_leaf': 10}",0.388612,0.936412,0.049947,0.87037,0.094472,0.972213,0.459932,0.980613,0.040613,0.94709,0.077885,0.962653,0.07132,0.044201,-0.009334,0.07672,-0.016587,6258,49,8457,20,5.3984,0.09,0.388612,0.07132,0.049947,0.87037,0.094472,6258,49
DecisionTree (Combo 1),DecisionTree,1,DecisionTree_max_depth=4_min_samples_leaf=2.joblib,"{'model__max_depth': 4, 'model__min_samples_leaf': 2}",0.388604,0.936416,0.049977,0.87037,0.094527,0.972231,0.459932,0.980613,0.040613,0.94709,0.077885,0.962653,0.071327,0.044197,-0.009365,0.07672,-0.016641,6254,49,8457,20,7.4434,0.1241,0.388604,0.071327,0.049977,0.87037,0.094527,6254,49
XGBoost (Combo 149),XGBoost,149,XGBoost_colsample_bytree=1.0_learning_rate=0.2_max_depth=3_n_estimators=300_subsample=0.8.joblib,"{'model__colsample_bytree': 1.0, 'model__learning_rate': 0.2, 'model__max_depth': 3, 'model__n_estimators': 300, 'model__subsample': 0.8}",0.116125,0.630479,0.302115,0.26455,0.282087,0.997758,0.994724,0.996958,1.0,0.994709,0.997347,0.999991,0.8786,0.366479,0.697885,0.730159,0.71526,231,278,0,2,13.6498,0.2275,0.116125,0.8786,0.302115,0.26455,0.282087,231,278
XGBoost (Combo 147),XGBoost,147,XGBoost_colsample_bytree=1.0_learning_rate=0.2_max_depth=3_n_estimators=200_subsample=0.8.joblib,"{'model__colsample_bytree': 1.0, 'model__learning_rate': 0.2, 'model__max_depth': 3, 'model__n_estimators': 200, 'model__subsample': 0.8}",0.046693,0.577067,0.180645,0.148148,0.162791,0.997462,0.984353,0.994331,1.0,0.955026,0.976996,0.999925,0.93766,0.417264,0.819355,0.806878,0.814205,254,322,0,17,9.2284,0.1538,0.046693,0.93766,0.180645,0.148148,0.162791,254,322
XGBoost (Combo 145),XGBoost,145,XGBoost_colsample_bytree=1.0_learning_rate=0.2_max_depth=3_n_estimators=100_subsample=0.8.joblib,"{'model__colsample_bytree': 1.0, 'model__learning_rate': 0.2, 'model__max_depth': 3, 'model__n_estimators': 100, 'model__subsample': 0.8}",0.005072,0.438818,0.035714,0.042328,0.038741,0.996502,0.927902,0.981709,0.964392,0.859788,0.909091,0.999714,0.92283,0.542891,0.928677,0.81746,0.87035,432,362,12,53,5.1002,0.085,0.005072,0.92283,0.035714,0.042328,0.038741,432,362
